Time,Balance,Cash,Equity,Positions,Daily_return
2016-04-04,2000.0,2000,0.0,0,
2016-04-05,2000.0,2000,0.0,0,0.0
2016-04-06,2000.0,2000,0.0,0,0.0
2016-04-07,2000.0,2000,0.0,0,0.0
2016-04-08,2000.0,2000,0.0,0,0.0
2016-04-11,2000.0,2000,0.0,0,0.0
2016-04-12,2000.0,2000,0.0,0,0.0
2016-04-13,2000.0,2000,0.0,0,0.0
2016-04-14,2000.0,2000,0.0,0,0.0
2016-04-15,2000.0,2000,0.0,0,0.0
2016-04-18,2000.0,2000,0.0,0,0.0
2016-04-19,2000.0,2000,0.0,0,0.0
2016-04-20,2000.0,2000,0.0,0,0.0
2016-04-21,2000.0,2000,0.0,0,0.0
2016-04-22,2000.0,2000,0.0,0,0.0
2016-04-25,2000.0,2000,0.0,0,0.0
2016-04-26,2000.0,2000,0.0,0,0.0
2016-04-27,2000.0,2000,0.0,0,0.0
2016-04-28,2000.0,2000,0.0,0,0.0
2016-04-29,1972.1572397825332,14.187227117738303,1957.970012664795,83,-0.013921380108733339
2016-05-02,1980.4572714445205,14.187227117738303,1966.2700443267822,83,0.00420860542686885
2016-05-03,1949.7472017881485,14.187227117738303,1935.5599746704102,83,-0.01550655502603826
2016-05-04,1958.0472334501358,14.187227117738303,1943.8600063323975,83,0.004256978368464948
2016-05-05,1964.6872271177383,14.187227117738303,1950.5,83,0.0033911304866240943
2016-05-06,1957.2172144529434,14.187227117738303,1943.029987335205,83,-0.0038021383565228772
2016-05-09,1953.8972967741104,14.187227117738303,1939.710069656372,83,-0.0016962438580231387
2016-05-10,1955.5571764585586,14.187227117738303,1941.3699493408203,83,0.0008495224836990722
2016-05-11,1941.4471701261612,14.187227117738303,1927.2599430084229,83,-0.007215338166665197
2016-05-12,1922.357208120546,14.187227117738303,1908.1699810028076,83,-0.00983285164765757
2016-05-13,1908.2472017881485,14.187227117738303,1894.0599746704102,83,-0.00733995028228529
2016-05-16,1932.317277776918,14.187227117738303,1918.1300506591797,83,0.012613709568767728
2016-05-17,1919.037290441713,14.187227117738303,1904.8500633239746,83,-0.006872570818433843
2016-05-18,1966.347265112123,14.187227117738303,1952.1600379943848,83,0.024652973085020458
2016-05-19,1943.9372271177383,14.187227117738303,1929.75,83,-0.01139678549765566
2016-05-20,1998.7172144529434,14.187227117738303,1984.529987335205,83,0.028179915776615383
2016-05-23,2028.597265112123,14.187227117738303,2014.4100379943848,83,0.014949613903914916
2016-05-24,2045.1971701261612,14.187227117738303,2031.0099430084229,83,0.008182947546821584
2016-05-25,2057.64729677411,14.187227117738303,2043.460069656372,83,0.006087494560331752
2016-05-26,2071.7573031065076,14.187227117738303,2057.5700759887695,83,0.006857349339956631
2016-05-27,2072.5871637937635,14.187227117738303,2058.3999366760254,83,0.00040055883283796057
2016-05-31,2065.947170126161,14.187227117738303,2051.759943008423,83,-0.0032037222769673024
2016-06-01,2109.937227117738,14.187227117738303,2095.75,83,0.021292924440507788
2016-06-02,2104.127252447328,14.187227117738303,2089.94002532959,83,-0.0027536244186500136
2016-06-03,2133.177284109315,14.187227117738303,2118.990056991577,83,0.013806214252583437
2016-06-06,2128.197170126161,14.187227117738303,2114.009943008423,83,-0.002334599201038179
2016-06-07,2177.167182790956,14.187227117738303,2162.979955673218,83,0.02301009199344617
2016-06-08,2199.5772207853406,14.187227117738303,2185.3899936676025,83,0.010293209530035652
2016-06-09,2191.2771891233533,14.187227117738303,2177.0899620056152,83,-0.0037734668206028665
2016-06-10,2160.5672777769178,14.187227117738303,2146.3800506591797,83,-0.014014617365099902
2016-06-13,2141.477157461366,14.187227117738303,2127.289930343628,83,-0.008835698157566352
2016-06-14,2136.4972017881482,14.187227117738303,2122.30997467041,83,-0.0023254769054465996
2016-06-15,2158.907239782533,14.187227117738303,2144.720012664795,83,0.010489149237185247
2016-06-16,2160.5672777769178,14.187227117738303,2146.3800506591797,83,0.0007689251134994635
2016-06-17,2159.7372587797254,14.187227117738303,2145.5500316619873,83,-0.0003841671609718933
2016-06-20,2202.89729677411,14.187227117738303,2188.710069656372,83,0.019983929905793563
2016-06-21,2221.157239782533,14.187227117738303,2206.970012664795,83,0.008289057794552024
2016-06-22,2217.0073031065076,14.187227117738303,2202.8200759887695,83,-0.0018683669042861561
2016-06-23,2239.417182790956,14.187227117738303,2225.229955673218,83,0.010108166830595122
2016-06-24,2145.627252447328,14.187227117738303,2131.44002532959,83,-0.04188140158268272
2016-06-27,2110.7672461149305,2110.7672461149305,0.0,0,-0.016247000168661985
2016-06-28,2110.7672461149305,2110.7672461149305,0.0,0,0.0
2016-06-29,2110.7672461149305,2110.7672461149305,0.0,0,0.0
2016-06-30,2110.7672461149305,2110.7672461149305,0.0,0,0.0
2016-07-01,2110.7672461149305,2110.7672461149305,0.0,0,0.0
2016-07-05,2110.7672461149305,2110.7672461149305,0.0,0,0.0
2016-07-06,2110.7672461149305,2110.7672461149305,0.0,0,0.0
2016-07-07,2110.7672461149305,2110.7672461149305,0.0,0,0.0
2016-07-08,2110.7672461149305,2110.7672461149305,0.0,0,0.0
2016-07-11,2110.7672461149305,2110.7672461149305,0.0,0,0.0
2016-07-12,2110.7672461149305,2110.7672461149305,0.0,0,0.0
2016-07-13,2110.7672461149305,2110.7672461149305,0.0,0,0.0
2016-07-14,2110.7672461149305,2110.7672461149305,0.0,0,0.0
2016-07-15,2110.7672461149305,2110.7672461149305,0.0,0,0.0
2016-07-18,2110.7672461149305,2110.7672461149305,0.0,0,0.0
2016-07-19,2110.7672461149305,2110.7672461149305,0.0,0,0.0
2016-07-20,2110.7672461149305,2110.7672461149305,0.0,0,0.0
2016-07-21,2110.7672461149305,2110.7672461149305,0.0,0,0.0
2016-07-22,2110.7672461149305,2110.7672461149305,0.0,0,0.0
2016-07-25,2110.7672461149305,2110.7672461149305,0.0,0,0.0
2016-07-26,2110.7672461149305,2110.7672461149305,0.0,0,0.0
2016-07-27,2110.7672461149305,2110.7672461149305,0.0,0,0.0
2016-07-28,2110.7672461149305,2110.7672461149305,0.0,0,0.0
2016-07-29,2110.7672461149305,2110.7672461149305,0.0,0,0.0
2016-08-01,2110.7672461149305,2110.7672461149305,0.0,0,0.0
2016-08-02,2110.7672461149305,2110.7672461149305,0.0,0,0.0
2016-08-03,2110.7672461149305,2110.7672461149305,0.0,0,0.0
2016-08-04,2110.7672461149305,2110.7672461149305,0.0,0,0.0
2016-08-05,2110.7672461149305,2110.7672461149305,0.0,0,0.0
2016-08-08,2110.7672461149305,2110.7672461149305,0.0,0,0.0
2016-08-09,2110.7672461149305,2110.7672461149305,0.0,0,0.0
2016-08-10,2110.7672461149305,2110.7672461149305,0.0,0,0.0
2016-08-11,2110.7672461149305,2110.7672461149305,0.0,0,0.0
2016-08-12,2110.7672461149305,2110.7672461149305,0.0,0,0.0
2016-08-15,2110.7672461149305,2110.7672461149305,0.0,0,0.0
2016-08-16,2110.7672461149305,2110.7672461149305,0.0,0,0.0
2016-08-17,2110.7672461149305,2110.7672461149305,0.0,0,0.0
2016-08-18,2110.7672461149305,2110.7672461149305,0.0,0,0.0
2016-08-19,2110.7672461149305,2110.7672461149305,0.0,0,0.0
2016-08-22,2110.7672461149305,2110.7672461149305,0.0,0,0.0
2016-08-23,2110.7672461149305,2110.7672461149305,0.0,0,0.0
2016-08-24,2110.7672461149305,2110.7672461149305,0.0,0,0.0
2016-08-25,2110.7672461149305,2110.7672461149305,0.0,0,0.0
2016-08-26,2110.7672461149305,2110.7672461149305,0.0,0,0.0
2016-08-29,2110.7672461149305,2110.7672461149305,0.0,0,0.0
2016-08-30,2110.7672461149305,2110.7672461149305,0.0,0,0.0
2016-08-31,2110.7672461149305,2110.7672461149305,0.0,0,0.0
2016-09-01,2110.7672461149305,2110.7672461149305,0.0,0,0.0
2016-09-02,2110.7672461149305,2110.7672461149305,0.0,0,0.0
2016-09-06,2110.7672461149305,2110.7672461149305,0.0,0,0.0
2016-09-07,2110.7672461149305,2110.7672461149305,0.0,0,0.0
2016-09-08,2110.7672461149305,2110.7672461149305,0.0,0,0.0
2016-09-09,2110.7672461149305,2110.7672461149305,0.0,0,0.0
2016-09-12,2110.7672461149305,2110.7672461149305,0.0,0,0.0
2016-09-13,2110.7672461149305,2110.7672461149305,0.0,0,0.0
2016-09-14,2110.7672461149305,2110.7672461149305,0.0,0,0.0
2016-09-15,2110.7672461149305,2110.7672461149305,0.0,0,0.0
2016-09-16,2110.7672461149305,2110.7672461149305,0.0,0,0.0
2016-09-19,2110.7672461149305,2110.7672461149305,0.0,0,0.0
2016-09-20,2110.7672461149305,2110.7672461149305,0.0,0,0.0
2016-09-21,2110.7672461149305,2110.7672461149305,0.0,0,0.0
2016-09-22,2110.7672461149305,2110.7672461149305,0.0,0,0.0
2016-09-23,2110.7672461149305,2110.7672461149305,0.0,0,0.0
2016-09-26,2110.7672461149305,2110.7672461149305,0.0,0,0.0
2016-09-27,2110.7672461149305,2110.7672461149305,0.0,0,0.0
2016-09-28,2110.7672461149305,2110.7672461149305,0.0,0,0.0
2016-09-29,2110.7672461149305,2110.7672461149305,0.0,0,0.0
2016-09-30,2110.7672461149305,2110.7672461149305,0.0,0,0.0
2016-10-03,2110.7672461149305,2110.7672461149305,0.0,0,0.0
2016-10-04,2110.7672461149305,2110.7672461149305,0.0,0,0.0
2016-10-05,2110.7672461149305,2110.7672461149305,0.0,0,0.0
2016-10-06,2110.7672461149305,2110.7672461149305,0.0,0,0.0
2016-10-07,2110.7672461149305,2110.7672461149305,0.0,0,0.0
2016-10-10,2110.7672461149305,2110.7672461149305,0.0,0,0.0
2016-10-11,2110.7672461149305,2110.7672461149305,0.0,0,0.0
2016-10-12,2110.7672461149305,2110.7672461149305,0.0,0,0.0
2016-10-13,2110.7672461149305,2110.7672461149305,0.0,0,0.0
2016-10-14,2110.7672461149305,2110.7672461149305,0.0,0,0.0
2016-10-17,2110.7672461149305,2110.7672461149305,0.0,0,0.0
2016-10-18,2110.7672461149305,2110.7672461149305,0.0,0,0.0
2016-10-19,2110.7672461149305,2110.7672461149305,0.0,0,0.0
2016-10-20,2110.7672461149305,2110.7672461149305,0.0,0,0.0
2016-10-21,2110.7672461149305,2110.7672461149305,0.0,0,0.0
2016-10-24,2110.7672461149305,2110.7672461149305,0.0,0,0.0
2016-10-25,2110.7672461149305,2110.7672461149305,0.0,0,0.0
2016-10-26,2110.7672461149305,2110.7672461149305,0.0,0,0.0
2016-10-27,2110.7672461149305,2110.7672461149305,0.0,0,0.0
2016-10-28,2110.7672461149305,2110.7672461149305,0.0,0,0.0
2016-10-31,2110.7672461149305,2110.7672461149305,0.0,0,0.0
2016-11-01,2110.7672461149305,2110.7672461149305,0.0,0,0.0
2016-11-02,2110.7672461149305,2110.7672461149305,0.0,0,0.0
2016-11-03,2110.7672461149305,2110.7672461149305,0.0,0,0.0
2016-11-04,2110.7672461149305,2110.7672461149305,0.0,0,0.0
2016-11-07,2110.7672461149305,2110.7672461149305,0.0,0,0.0
2016-11-08,2110.7672461149305,2110.7672461149305,0.0,0,0.0
2016-11-09,2110.7672461149305,2110.7672461149305,0.0,0,0.0
2016-11-10,2110.7672461149305,2110.7672461149305,0.0,0,0.0
2016-11-11,2138.6825008046067,13.652479137126193,2125.0300216674805,71,0.013225169540155068
2016-11-14,2062.002506221477,13.652479137126193,2048.3500270843506,71,-0.03585384672773151
2016-11-15,2086.8525333058274,13.652479137126193,2073.200054168701,71,0.01205140488887535
2016-11-16,2133.712522472087,13.652479137126193,2120.060043334961,71,0.022454863685086535
2016-11-17,2106.022430385295,13.652479137126193,2092.369951248169,71,-0.012977423994639525
2016-11-18,2106.022430385295,13.652479137126193,2092.369951248169,71,0.0
2016-11-21,2118.8024520527756,13.652479137126193,2105.1499729156494,71,0.006068321724922221
2016-11-22,2137.262468303386,13.652479137126193,2123.6099891662598,71,0.008712476348479603
2016-11-23,2135.8424358021653,13.652479137126193,2122.189956665039,71,-0.0006644165245404121
2016-11-25,2119.512468303386,13.652479137126193,2105.8599891662598,71,-0.007645679861513877
2016-11-28,2119.512468303386,13.652479137126193,2105.8599891662598,71,0.0
2016-11-29,2111.702424968425,13.652479137126193,2098.049945831299,71,-0.0036848300973726378
2016-11-30,2121.642517055217,13.652479137126193,2107.990037918091,71,0.0047071462196861535
2016-12-01,2062.712522472087,2062.712522472087,0.0,0,-0.027775647456821817
2016-12-02,2079.389657645558,1.4696137002456453,2077.9200439453125,72,0.00808505062716347
2016-12-05,2090.90964665923,1.4696137002456453,2089.4400329589844,72,0.0055400819039927995
2016-12-06,2126.189630179738,1.4696137002456453,2124.720016479492,72,0.016873031112021764
2016-12-07,2156.429635672902,1.4696137002456453,2154.9600219726562,72,0.014222628623490996
2016-12-08,2164.3496796182144,1.4696137002456453,2162.8800659179688,72,0.003672757883816269
2016-12-09,2170.1096741250503,1.4696137002456453,2168.6400604248047,72,0.002661304945812626
2016-12-12,2154.2695862344253,1.4696137002456453,2152.7999725341797,72,-0.007299210763166308
2016-12-13,2187.389657645558,1.4696137002456453,2185.9200439453125,72,0.015374153551982017
2016-12-14,2152.1096741250503,1.4696137002456453,2150.6400604248047,72,-0.016128806039287125
2016-12-15,2172.9896027139175,1.4696137002456453,2171.519989013672,72,0.00970207459215855
2016-12-16,2124.0295807412613,1.4696137002456453,2122.5599670410156,72,-0.02253118096446871
2016-12-19,2108.90964665923,1.4696137002456453,2107.4400329589844,72,-0.0071185138941213255
2016-12-20,2111.789575248097,1.4696137002456453,2110.3199615478516,72,0.0013656007470159715
2016-12-21,2070.7495972207535,2070.7495972207535,0.0,0,-0.01943374401899034
2016-12-22,2070.7495972207535,2070.7495972207535,0.0,0,0.0
2016-12-23,2070.7495972207535,2070.7495972207535,0.0,0,0.0
2016-12-27,2070.7495972207535,2070.7495972207535,0.0,0,0.0
2016-12-28,2070.7495972207535,2070.7495972207535,0.0,0,0.0
2016-12-29,2070.7495972207535,2070.7495972207535,0.0,0,0.0
2016-12-30,2070.7495972207535,2070.7495972207535,0.0,0,0.0
2017-01-03,2070.7495972207535,2070.7495972207535,0.0,0,0.0
2017-01-04,2070.7495972207535,2070.7495972207535,0.0,0,0.0
2017-01-05,2070.7495972207535,2070.7495972207535,0.0,0,0.0
2017-01-06,2070.7495972207535,2070.7495972207535,0.0,0,0.0
2017-01-09,2070.7495972207535,2070.7495972207535,0.0,0,0.0
2017-01-10,2070.7495972207535,2070.7495972207535,0.0,0,0.0
2017-01-11,2070.7495972207535,2070.7495972207535,0.0,0,0.0
2017-01-12,2070.7495972207535,2070.7495972207535,0.0,0,0.0
2017-01-13,2070.7495972207535,2070.7495972207535,0.0,0,0.0
2017-01-17,2070.7495972207535,2070.7495972207535,0.0,0,0.0
2017-01-18,2070.7495972207535,2070.7495972207535,0.0,0,0.0
2017-01-19,2070.7495972207535,2070.7495972207535,0.0,0,0.0
2017-01-20,2070.7495972207535,2070.7495972207535,0.0,0,0.0
2017-01-23,2070.7495972207535,2070.7495972207535,0.0,0,0.0
2017-01-24,2070.7495972207535,2070.7495972207535,0.0,0,0.0
2017-01-25,2070.7495972207535,2070.7495972207535,0.0,0,0.0
2017-01-26,2070.7495972207535,2070.7495972207535,0.0,0,0.0
2017-01-27,2070.7495972207535,2070.7495972207535,0.0,0,0.0
2017-01-30,2070.7495972207535,2070.7495972207535,0.0,0,0.0
2017-01-31,2070.7495972207535,2070.7495972207535,0.0,0,0.0
2017-02-01,2070.7495972207535,2070.7495972207535,0.0,0,0.0
2017-02-02,2070.7495972207535,2070.7495972207535,0.0,0,0.0
2017-02-03,2070.7495972207535,2070.7495972207535,0.0,0,0.0
2017-02-06,2070.7495972207535,2070.7495972207535,0.0,0,0.0
2017-02-07,2070.7495972207535,2070.7495972207535,0.0,0,0.0
2017-02-08,2070.7495972207535,2070.7495972207535,0.0,0,0.0
2017-02-09,2070.7495972207535,2070.7495972207535,0.0,0,0.0
2017-02-10,2070.7495972207535,2070.7495972207535,0.0,0,0.0
2017-02-13,2070.7495972207535,2070.7495972207535,0.0,0,0.0
2017-02-14,2070.7495972207535,2070.7495972207535,0.0,0,0.0
2017-02-15,2070.7495972207535,2070.7495972207535,0.0,0,0.0
2017-02-16,2070.7495972207535,2070.7495972207535,0.0,0,0.0
2017-02-17,2070.7495972207535,2070.7495972207535,0.0,0,0.0
2017-02-21,2070.7495972207535,2070.7495972207535,0.0,0,0.0
2017-02-22,2070.7495972207535,2070.7495972207535,0.0,0,0.0
2017-02-23,2070.7495972207535,2070.7495972207535,0.0,0,0.0
2017-02-24,2070.7495972207535,2070.7495972207535,0.0,0,0.0
2017-02-27,2070.7495972207535,2070.7495972207535,0.0,0,0.0
2017-02-28,2070.7495972207535,2070.7495972207535,0.0,0,0.0
2017-03-01,2070.7495972207535,2070.7495972207535,0.0,0,0.0
2017-03-02,2070.7495972207535,2070.7495972207535,0.0,0,0.0
2017-03-03,2070.7495972207535,2070.7495972207535,0.0,0,0.0
2017-03-06,2070.7495972207535,2070.7495972207535,0.0,0,0.0
2017-03-07,2070.7495972207535,2070.7495972207535,0.0,0,0.0
2017-03-08,2070.7495972207535,2070.7495972207535,0.0,0,0.0
2017-03-09,2070.7495972207535,2070.7495972207535,0.0,0,0.0
2017-03-10,2070.7495972207535,2070.7495972207535,0.0,0,0.0
2017-03-13,2070.7495972207535,2070.7495972207535,0.0,0,0.0
2017-03-14,2070.7495972207535,2070.7495972207535,0.0,0,0.0
2017-03-15,2070.7495972207535,2070.7495972207535,0.0,0,0.0
2017-03-16,2070.7495972207535,2070.7495972207535,0.0,0,0.0
2017-03-17,2070.7495972207535,2070.7495972207535,0.0,0,0.0
2017-03-20,2070.7495972207535,2070.7495972207535,0.0,0,0.0
2017-03-21,2070.7495972207535,2070.7495972207535,0.0,0,0.0
2017-03-22,2070.7495972207535,2070.7495972207535,0.0,0,0.0
2017-03-23,2070.7495972207535,2070.7495972207535,0.0,0,0.0
2017-03-24,2070.7495972207535,2070.7495972207535,0.0,0,0.0
2017-03-27,2070.7495972207535,2070.7495972207535,0.0,0,0.0
2017-03-28,2070.7495972207535,2070.7495972207535,0.0,0,0.0
2017-03-29,2070.7495972207535,2070.7495972207535,0.0,0,0.0
2017-03-30,2070.7495972207535,2070.7495972207535,0.0,0,0.0
2017-03-31,2070.7495972207535,2070.7495972207535,0.0,0,0.0
2017-04-03,2070.7495972207535,2070.7495972207535,0.0,0,0.0
2017-04-04,2070.7495972207535,2070.7495972207535,0.0,0,0.0
2017-04-05,2070.7495972207535,2070.7495972207535,0.0,0,0.0
2017-04-06,2070.7495972207535,2070.7495972207535,0.0,0,0.0
2017-04-07,2070.7495972207535,2070.7495972207535,0.0,0,0.0
2017-04-10,2070.7495972207535,2070.7495972207535,0.0,0,0.0
2017-04-11,2070.7495972207535,2070.7495972207535,0.0,0,0.0
2017-04-12,2070.7495972207535,2070.7495972207535,0.0,0,0.0
2017-04-13,2058.9843956671916,21.86440055000412,2037.1199951171875,64,-0.005681614797536372
2017-04-17,2071.784322425004,21.86440055000412,2049.919921875,64,0.006216621546403234
2017-04-18,2056.424459143754,21.86440055000412,2034.56005859375,64,-0.00741383314614108
2017-04-19,2044.9044396125041,21.86440055000412,2023.0400390625,64,-0.0056019658198612765
2017-04-20,2056.424459143754,21.86440055000412,2034.56005859375,64,0.005633524632296716
2017-04-21,2074.984517737504,21.86440055000412,2053.1201171875,64,0.009025402567657714
2017-04-24,2114.664449378129,21.86440055000412,2092.800048828125,64,0.019123001305036524
2017-04-25,2138.344381018754,21.86440055000412,2116.47998046875,64,0.011197961760594621
2017-04-26,2133.864400550004,21.86440055000412,2112.0,64,-0.0020950696756411036
2017-04-27,2135.144429846879,21.86440055000412,2113.280029296875,64,0.0005998644040103862
2017-04-28,2138.344381018754,21.86440055000412,2116.47998046875,64,0.0014987047841557022
2017-05-01,2159.464498206254,21.86440055000412,2137.60009765625,64,0.009876854904651955
2017-05-02,2193.384420081254,21.86440055000412,2171.52001953125,64,0.01570756171410803
2017-05-03,2216.424459143754,21.86440055000412,2194.56005859375,64,0.010504332415038453
2017-05-04,2206.824361487504,21.86440055000412,2184.9599609375,64,-0.004331344394186476
2017-05-05,2224.744283362504,21.86440055000412,2202.8798828125,64,0.008120230222092184
2017-05-08,2260.584371253129,21.86440055000412,2238.719970703125,64,0.01610975614530208
2017-05-09,2288.104390784379,21.86440055000412,2266.239990234375,64,0.012173851983235062
2017-05-10,2288.104390784379,21.86440055000412,2266.239990234375,64,0.0
2017-05-11,2297.704488440629,21.86440055000412,2275.840087890625,64,0.004195655449513502
2017-05-12,2285.544332190629,21.86440055000412,2263.679931640625,64,-0.005292306435042304
2017-05-15,2265.704488440629,21.86440055000412,2243.840087890625,64,-0.008680577082039842
2017-05-16,2263.784322425004,21.86440055000412,2241.919921875,64,-0.000847491817852486
2017-05-17,2224.744283362504,21.86440055000412,2202.8798828125,64,-0.017245476380311597
2017-05-18,2255.464498206254,21.86440055000412,2233.60009765625,64,0.013808425118108092
2017-05-19,2274.664449378129,21.86440055000412,2252.800048828125,64,0.00851263728032281
2017-05-22,2287.464498206254,21.86440055000412,2265.60009765625,64,0.005627225075603759
2017-05-23,2287.464498206254,21.86440055000412,2265.60009765625,64,0.0
2017-05-24,2295.144429846879,21.86440055000412,2273.280029296875,64,0.003357399271834538
2017-05-25,2298.344381018754,21.86440055000412,2276.47998046875,64,0.0013942264940984828
2017-05-26,2294.504293128129,21.86440055000412,2272.639892578125,64,-0.0016708061343368996
2017-05-30,2311.784322425004,21.86440055000412,2289.919921875,64,0.007531051194206606
2017-05-31,2284.904439612504,21.86440055000412,2263.0400390625,64,-0.011627331560196574
2017-06-01,2318.824361487504,21.86440055000412,2296.9599609375,64,0.014845225597597711
2017-06-02,2337.384420081254,21.86440055000412,2315.52001953125,64,0.008004081249967543
2017-06-05,2350.824361487504,21.86440055000412,2328.9599609375,64,0.0057499918673125094
2017-06-06,2353.384420081254,21.86440055000412,2331.52001953125,64,0.0010890046213958282
2017-06-07,2355.304341956254,21.86440055000412,2333.43994140625,64,0.0008158131151958514
2017-06-08,2378.984517737504,21.86440055000412,2357.1201171875,64,0.01005397704212685
2017-06-09,2312.424459143754,21.86440055000412,2290.56005859375,64,-0.027978348785998364
2017-06-12,2277.224507971879,21.86440055000412,2255.360107421875,64,-0.015222097756615538
2017-06-13,2303.464498206254,2303.464498206254,0.0,0,0.011522794587234042
2017-06-14,2303.464498206254,2303.464498206254,0.0,0,0.0
2017-06-15,2303.464498206254,2303.464498206254,0.0,0,0.0
2017-06-16,2303.464498206254,2303.464498206254,0.0,0,0.0
2017-06-19,2303.464498206254,2303.464498206254,0.0,0,0.0
2017-06-20,2303.464498206254,2303.464498206254,0.0,0,0.0
2017-06-21,2303.464498206254,2303.464498206254,0.0,0,0.0
2017-06-22,2303.464498206254,2303.464498206254,0.0,0,0.0
2017-06-23,2303.464498206254,2303.464498206254,0.0,0,0.0
2017-06-26,2303.464498206254,2303.464498206254,0.0,0,0.0
2017-06-27,2303.464498206254,2303.464498206254,0.0,0,0.0
2017-06-28,2303.464498206254,2303.464498206254,0.0,0,0.0
2017-06-29,2303.464498206254,2303.464498206254,0.0,0,0.0
2017-06-30,2303.464498206254,2303.464498206254,0.0,0,0.0
2017-07-03,2303.464498206254,2303.464498206254,0.0,0,0.0
2017-07-05,2303.464498206254,2303.464498206254,0.0,0,0.0
2017-07-06,2303.464498206254,2303.464498206254,0.0,0,0.0
2017-07-07,2303.464498206254,2303.464498206254,0.0,0,0.0
2017-07-10,2303.464498206254,2303.464498206254,0.0,0,0.0
2017-07-11,2303.464498206254,2303.464498206254,0.0,0,0.0
2017-07-12,2303.464498206254,2303.464498206254,0.0,0,0.0
2017-07-13,2303.464498206254,2303.464498206254,0.0,0,0.0
2017-07-14,2303.464498206254,2303.464498206254,0.0,0,0.0
2017-07-17,2303.464498206254,2303.464498206254,0.0,0,0.0
2017-07-18,2303.464498206254,2303.464498206254,0.0,0,0.0
2017-07-19,2303.464498206254,2303.464498206254,0.0,0,0.0
2017-07-20,2303.464498206254,2303.464498206254,0.0,0,0.0
2017-07-21,2303.464498206254,2303.464498206254,0.0,0,0.0
2017-07-24,2303.464498206254,2303.464498206254,0.0,0,0.0
2017-07-25,2303.464498206254,2303.464498206254,0.0,0,0.0
2017-07-26,2303.464498206254,2303.464498206254,0.0,0,0.0
2017-07-27,2303.464498206254,2303.464498206254,0.0,0,0.0
2017-07-28,2303.464498206254,2303.464498206254,0.0,0,0.0
2017-07-31,2303.464498206254,2303.464498206254,0.0,0,0.0
2017-08-01,2303.464498206254,2303.464498206254,0.0,0,0.0
2017-08-02,2303.464498206254,2303.464498206254,0.0,0,0.0
2017-08-03,2303.464498206254,2303.464498206254,0.0,0,0.0
2017-08-04,2303.464498206254,2303.464498206254,0.0,0,0.0
2017-08-07,2303.464498206254,2303.464498206254,0.0,0,0.0
2017-08-08,2303.464498206254,2303.464498206254,0.0,0,0.0
2017-08-09,2303.464498206254,2303.464498206254,0.0,0,0.0
2017-08-10,2303.464498206254,2303.464498206254,0.0,0,0.0
2017-08-11,2303.464498206254,2303.464498206254,0.0,0,0.0
2017-08-14,2303.464498206254,2303.464498206254,0.0,0,0.0
2017-08-15,2303.464498206254,2303.464498206254,0.0,0,0.0
2017-08-16,2303.464498206254,2303.464498206254,0.0,0,0.0
2017-08-17,2303.464498206254,2303.464498206254,0.0,0,0.0
2017-08-18,2303.464498206254,2303.464498206254,0.0,0,0.0
2017-08-21,2303.464498206254,2303.464498206254,0.0,0,0.0
2017-08-22,2303.464498206254,2303.464498206254,0.0,0,0.0
2017-08-23,2303.464498206254,2303.464498206254,0.0,0,0.0
2017-08-24,2303.464498206254,2303.464498206254,0.0,0,0.0
2017-08-25,2303.464498206254,2303.464498206254,0.0,0,0.0
2017-08-28,2303.464498206254,2303.464498206254,0.0,0,0.0
2017-08-29,2303.464498206254,2303.464498206254,0.0,0,0.0
2017-08-30,2303.464498206254,2303.464498206254,0.0,0,0.0
2017-08-31,2303.464498206254,2303.464498206254,0.0,0,0.0
2017-09-01,2303.464498206254,2303.464498206254,0.0,0,0.0
2017-09-05,2303.464498206254,2303.464498206254,0.0,0,0.0
2017-09-06,2303.464498206254,2303.464498206254,0.0,0,0.0
2017-09-07,2303.464498206254,2303.464498206254,0.0,0,0.0
2017-09-08,2303.464498206254,2303.464498206254,0.0,0,0.0
2017-09-11,2303.464498206254,2303.464498206254,0.0,0,0.0
2017-09-12,2303.464498206254,2303.464498206254,0.0,0,0.0
2017-09-13,2303.464498206254,2303.464498206254,0.0,0,0.0
2017-09-14,2303.464498206254,2303.464498206254,0.0,0,0.0
2017-09-15,2303.464498206254,2303.464498206254,0.0,0,0.0
2017-09-18,2303.464498206254,2303.464498206254,0.0,0,0.0
2017-09-19,2303.464498206254,2303.464498206254,0.0,0,0.0
2017-09-20,2303.464498206254,2303.464498206254,0.0,0,0.0
2017-09-21,2303.464498206254,2303.464498206254,0.0,0,0.0
2017-09-22,2303.464498206254,2303.464498206254,0.0,0,0.0
2017-09-25,2303.464498206254,2303.464498206254,0.0,0,0.0
2017-09-26,2303.464498206254,2303.464498206254,0.0,0,0.0
2017-09-27,2303.464498206254,2303.464498206254,0.0,0,0.0
2017-09-28,2303.464498206254,2303.464498206254,0.0,0,0.0
2017-09-29,2303.464498206254,2303.464498206254,0.0,0,0.0
2017-10-02,2303.464498206254,2303.464498206254,0.0,0,0.0
2017-10-03,2303.464498206254,2303.464498206254,0.0,0,0.0
2017-10-04,2303.464498206254,2303.464498206254,0.0,0,0.0
2017-10-05,2303.464498206254,2303.464498206254,0.0,0,0.0
2017-10-06,2303.464498206254,2303.464498206254,0.0,0,0.0
2017-10-09,2303.464498206254,2303.464498206254,0.0,0,0.0
2017-10-10,2303.464498206254,2303.464498206254,0.0,0,0.0
2017-10-11,2303.464498206254,2303.464498206254,0.0,0,0.0
2017-10-12,2303.464498206254,2303.464498206254,0.0,0,0.0
2017-10-13,2303.464498206254,2303.464498206254,0.0,0,0.0
2017-10-16,2303.464498206254,2303.464498206254,0.0,0,0.0
2017-10-17,2303.464498206254,2303.464498206254,0.0,0,0.0
2017-10-18,2303.464498206254,2303.464498206254,0.0,0,0.0
2017-10-19,2303.464498206254,2303.464498206254,0.0,0,0.0
2017-10-20,2303.464498206254,2303.464498206254,0.0,0,0.0
2017-10-23,2303.464498206254,2303.464498206254,0.0,0,0.0
2017-10-24,2303.464498206254,2303.464498206254,0.0,0,0.0
2017-10-25,2303.464498206254,2303.464498206254,0.0,0,0.0
2017-10-26,2303.464498206254,2303.464498206254,0.0,0,0.0
2017-10-27,2303.464498206254,2303.464498206254,0.0,0,0.0
2017-10-30,2303.464498206254,2303.464498206254,0.0,0,0.0
2017-10-31,2303.464498206254,2303.464498206254,0.0,0,0.0
2017-11-01,2303.464498206254,2303.464498206254,0.0,0,0.0
2017-11-02,2303.464498206254,2303.464498206254,0.0,0,0.0
2017-11-03,2303.464498206254,2303.464498206254,0.0,0,0.0
2017-11-06,2303.464498206254,2303.464498206254,0.0,0,0.0
2017-11-07,2303.464498206254,2303.464498206254,0.0,0,0.0
2017-11-08,2303.464498206254,2303.464498206254,0.0,0,0.0
2017-11-09,2303.464498206254,2303.464498206254,0.0,0,0.0
2017-11-10,2303.464498206254,2303.464498206254,0.0,0,0.0
2017-11-13,2303.464498206254,2303.464498206254,0.0,0,0.0
2017-11-14,2303.464498206254,2303.464498206254,0.0,0,0.0
2017-11-15,2303.464498206254,2303.464498206254,0.0,0,0.0
2017-11-16,2303.464498206254,2303.464498206254,0.0,0,0.0
2017-11-17,2303.464498206254,2303.464498206254,0.0,0,0.0
2017-11-20,2303.464498206254,2303.464498206254,0.0,0,0.0
2017-11-21,2303.464498206254,2303.464498206254,0.0,0,0.0
2017-11-22,2303.464498206254,2303.464498206254,0.0,0,0.0
2017-11-24,2303.464498206254,2303.464498206254,0.0,0,0.0
2017-11-27,2303.464498206254,2303.464498206254,0.0,0,0.0
2017-11-28,2306.042841190428,13.962824100584385,2292.0800170898438,56,0.0011193326340308563
2017-11-29,2220.9228155556625,13.962824100584385,2206.959991455078,56,-0.036911727793758065
2017-11-30,2231.5627386513656,13.962824100584385,2217.5999145507812,56,0.004790766712458261
2017-12-01,2237.1628668251938,13.962824100584385,2223.2000427246094,56,0.002509509626071438
2017-12-04,2219.802789920897,13.962824100584385,2205.8399658203125,56,-0.007759862798425998
2017-12-05,2209.1628668251938,13.962824100584385,2195.2000427246094,56,-0.004793183945895563
2017-12-06,2180.042841190428,13.962824100584385,2166.0800170898438,56,-0.013181475242074026
2017-12-07,2198.5227301064438,13.962824100584385,2184.5599060058594,56,0.008476846677895722
2017-12-08,2197.9628241005844,13.962824100584385,2184.0,56,-0.0002546737398672061
2017-12-11,2218.6827642861313,13.962824100584385,2204.719940185547,56,0.009426883820942589
2017-12-12,2214.762781375975,13.962824100584385,2200.7999572753906,56,-0.0017668064011925333
2017-12-13,2214.2028753701156,13.962824100584385,2200.2400512695312,56,-0.00025280630980784036
2017-12-14,2220.362909549803,13.962824100584385,2206.4000854492188,56,0.00278205499966111
2017-12-15,2225.9628241005844,13.962824100584385,2212.0,56,0.0025220717418292793
2017-12-18,2220.362909549803,13.962824100584385,2206.4000854492188,56,-0.002515726898109305
2017-12-19,2217.0028326455063,13.962824100584385,2203.040008544922,56,-0.0015133007716193747
2017-12-20,2222.6027471962875,13.962824100584385,2208.639923095703,56,0.002525894179439936
2017-12-21,2210.8427984658188,13.962824100584385,2196.8799743652344,56,-0.0052910709056323
2017-12-22,2233.2428839150375,13.962824100584385,2219.280059814453,56,0.010131921394304078
2017-12-26,2195.1628668251938,13.962824100584385,2181.2000427246094,56,-0.017051444499886492
2017-12-27,2202.442926639647,13.962824100584385,2188.4801025390625,56,0.003316409877587745
2017-12-28,2239.402918094725,13.962824100584385,2225.4400939941406,56,0.016781361736110556
2017-12-29,2234.362909549803,13.962824100584385,2220.4000854492188,56,-0.0022506037230718423
2018-01-02,2311.08284973535,13.962824100584385,2297.1200256347656,56,0.03433638280408302
2018-01-03,2349.722772831053,13.962824100584385,2335.7599487304688,56,0.016719401946203583
2018-01-04,2337.402918094725,13.962824100584385,2323.4400939941406,56,-0.0052431099016351235
2018-01-05,2391.722772831053,13.962824100584385,2377.7599487304688,56,0.02323940571641181
2018-01-08,2390.6027471962875,13.962824100584385,2376.639923095703,56,-0.00046829241561296975
2018-01-09,2376.042841190428,13.962824100584385,2362.0800170898438,56,-0.006090474890876552
2018-01-10,2326.762781375975,13.962824100584385,2312.7999572753906,56,-0.02074039194923072
2018-01-11,2311.6427557412094,13.962824100584385,2297.679931640625,56,-0.006498309907563504
2018-01-12,2320.6027471962875,13.962824100584385,2306.639923095703,56,0.003876027743830779
2018-01-16,2378.8427984658188,13.962824100584385,2364.8799743652344,56,0.02509695006605317
2018-01-17,2429.2428839150375,13.962824100584385,2415.280059814453,56,0.021186807922626505
2018-01-18,2509.8828070107406,13.962824100584385,2495.9199829101562,56,0.03319549627155505
2018-01-19,2515.482721561522,13.962824100584385,2501.5198974609375,56,0.0022311458268646778
2018-01-22,2611.2428839150375,13.962824100584385,2597.280059814453,56,0.03806830455749299
2018-01-23,2605.6427557412094,13.962824100584385,2591.679931640625,56,-0.0021446217080473007
2018-01-24,2552.442926639647,13.962824100584385,2538.4801025390625,56,-0.02041716155614326
2018-01-25,2539.5627386513656,13.962824100584385,2525.5999145507812,56,-0.005046219781783101
2018-01-26,2574.2828924599594,13.962824100584385,2560.320068359375,56,0.013671705479121998
2018-01-29,2556.362909549803,13.962824100584385,2542.4000854492188,56,-0.006961155264887053
2018-01-30,2527.2428839150375,13.962824100584385,2513.280059814453,56,-0.01139119392085608
2018-01-31,2551.3229010048813,13.962824100584385,2537.360076904297,56,0.009528176829818769
2018-02-01,2559.1628668251938,13.962824100584385,2545.2000427246094,56,0.0030729022254394334
2018-02-02,2506.5227301064438,13.962824100584385,2492.5599060058594,56,-0.020569279666070472
2018-02-05,2455.0028326455063,2455.0028326455063,0.0,0,-0.020554330843331137
2018-02-06,2476.4436089469004,35.403600401978565,2441.040008544922,56,0.008733503691435551
2018-02-07,2380.6836602164317,35.403600401978565,2345.280059814453,56,-0.03866833405150316
2018-02-08,2295.563634581666,35.403600401978565,2260.1600341796875,56,-0.035754446110251914
2018-02-09,2357.7236687613536,35.403600401978565,2322.320068359375,56,0.027078331980553205
2018-02-12,2417.0835320426036,35.403600401978565,2381.679931640625,56,0.02517676862125029
2018-02-13,2408.6836602164317,35.403600401978565,2373.280059814453,56,-0.0034752095717078824
2018-02-14,2446.203557677369,35.403600401978565,2410.7999572753906,56,0.015576930287959145
2018-02-15,2472.523626036744,35.403600401978565,2437.1200256347656,56,0.010759557714144385
2018-02-16,2470.283574767213,35.403600401978565,2434.8799743652344,56,-0.0009059777006547032
2018-02-20,2484.843694396119,35.403600401978565,2449.4400939941406,56,0.005894108586411262
2018-02-21,2437.243566222291,35.403600401978565,2401.8399658203125,56,-0.019156186073666204
2018-02-22,2409.243566222291,35.403600401978565,2373.8399658203125,56,-0.011488388106979275
2018-02-23,2493.8036858511973,35.403600401978565,2458.4000854492188,56,0.03509820294404564
2018-02-26,2522.3635918570567,35.403600401978565,2486.959991455078,56,0.011452347339085511
2018-02-27,2478.1235405875254,35.403600401978565,2442.719940185547,56,-0.01753912537127933
2018-02-28,2463.00351495276,35.403600401978565,2427.5999145507812,56,-0.006101401075097712
2018-03-01,2427.7236687613536,35.403600401978565,2392.320068359375,56,-0.014323912238543013
2018-03-02,2443.963506407838,35.403600401978565,2408.5599060058594,56,0.00668932706611125
2018-03-05,2470.843694396119,35.403600401978565,2435.4400939941406,56,0.010998604487261865
2018-03-06,2510.603643126588,2510.603643126588,0.0,0,0.016091648703090433
2018-03-07,2510.603643126588,2510.603643126588,0.0,0,0.0
2018-03-08,2510.603643126588,2510.603643126588,0.0,0,0.0
2018-03-09,2510.603643126588,2510.603643126588,0.0,0,0.0
2018-03-12,2510.603643126588,2510.603643126588,0.0,0,0.0
2018-03-13,2510.603643126588,2510.603643126588,0.0,0,0.0
2018-03-14,2510.603643126588,2510.603643126588,0.0,0,0.0
2018-03-15,2510.603643126588,2510.603643126588,0.0,0,0.0
2018-03-16,2510.603643126588,2510.603643126588,0.0,0,0.0
2018-03-19,2510.603643126588,2510.603643126588,0.0,0,0.0
2018-03-20,2510.603643126588,2510.603643126588,0.0,0,0.0
2018-03-21,2510.603643126588,2510.603643126588,0.0,0,0.0
2018-03-22,2510.603643126588,2510.603643126588,0.0,0,0.0
2018-03-23,2510.603643126588,2510.603643126588,0.0,0,0.0
2018-03-26,2510.603643126588,2510.603643126588,0.0,0,0.0
2018-03-27,2510.603643126588,2510.603643126588,0.0,0,0.0
2018-03-28,2510.603643126588,2510.603643126588,0.0,0,0.0
2018-03-29,2510.603643126588,2510.603643126588,0.0,0,0.0
2018-04-02,2510.603643126588,2510.603643126588,0.0,0,0.0
2018-04-03,2510.603643126588,2510.603643126588,0.0,0,0.0
2018-04-04,2510.603643126588,2510.603643126588,0.0,0,0.0
2018-04-05,2510.603643126588,2510.603643126588,0.0,0,0.0
2018-04-06,2510.603643126588,2510.603643126588,0.0,0,0.0
2018-04-09,2510.603643126588,2510.603643126588,0.0,0,0.0
2018-04-10,2510.603643126588,2510.603643126588,0.0,0,0.0
2018-04-11,2510.603643126588,2510.603643126588,0.0,0,0.0
2018-04-12,2510.603643126588,2510.603643126588,0.0,0,0.0
2018-04-13,2510.603643126588,2510.603643126588,0.0,0,0.0
2018-04-16,2510.603643126588,2510.603643126588,0.0,0,0.0
2018-04-17,2510.603643126588,2510.603643126588,0.0,0,0.0
2018-04-18,2510.603643126588,2510.603643126588,0.0,0,0.0
2018-04-19,2510.603643126588,2510.603643126588,0.0,0,0.0
2018-04-20,2510.603643126588,2510.603643126588,0.0,0,0.0
2018-04-23,2511.2052975308948,31.205297530894768,2480.0,64,0.0002396453163580059
2018-04-24,2511.2052975308948,31.205297530894768,2480.0,64,0.0
2018-04-25,2474.0851803433948,31.205297530894768,2442.8798828125,64,-0.0147817931190245
2018-04-26,2474.0851803433948,31.205297530894768,2442.8798828125,64,0.0
2018-04-27,2474.0851803433948,31.205297530894768,2442.8798828125,64,0.0
2018-04-30,2492.0053463590198,31.205297530894768,2460.800048828125,64,0.007243148359644458
2018-05-01,2522.7253170621448,31.205297530894768,2491.52001953125,64,0.012327409629360853
2018-05-02,2447.2052975308948,31.205297530894768,2416.0,64,-0.029935886804829503
2018-05-03,2469.6051998746448,31.205297530894768,2438.39990234375,64,0.009153258358156613
2018-05-04,2500.9653072965198,31.205297530894768,2469.760009765625,64,0.01269842945887345
2018-05-07,2492.0053463590198,31.205297530894768,2460.800048828125,64,-0.003582601050626133
2018-05-08,2538.7253170621448,31.205297530894768,2507.52001953125,64,0.01874794160108273
2018-05-09,2549.6051998746448,31.205297530894768,2518.39990234375,64,0.004285569115878296
2018-05-10,2576.4853268277698,31.205297530894768,2545.280029296875,64,0.010542858539214883
2018-05-11,2585.4452877652698,31.205297530894768,2554.239990234375,64,0.003477590516120621
2018-05-14,2588.0053463590198,31.205297530894768,2556.800048828125,64,0.0009901809200389966
2018-05-15,2546.4052487027698,31.205297530894768,2515.199951171875,64,-0.016074193090356514
2018-05-16,2577.7653561246448,31.205297530894768,2546.56005859375,64,0.012315442499912788
2018-05-17,2524.6452389371448,31.205297530894768,2493.43994140625,64,-0.02060704131246438
2018-05-18,2490.0851803433948,31.205297530894768,2458.8798828125,64,-0.013689075225594705
2018-05-21,2557.2853756558948,31.205297530894768,2526.080078125,64,0.026987107044760927
2018-05-22,2568.1652584683948,31.205297530894768,2536.9599609375,64,0.004254465659590201
2018-05-23,2568.8053951871448,31.205297530894768,2537.60009765625,64,0.00024925838266809386
2018-05-24,2546.4052487027698,2546.4052487027698,0.0,0,-0.008720063624260255
2018-05-25,2546.4052487027698,2546.4052487027698,0.0,0,0.0
2018-05-29,2546.4052487027698,2546.4052487027698,0.0,0,0.0
2018-05-30,2560.2242628288896,29.78425275808877,2530.440010070801,66,0.005426871521396537
2018-05-31,2583.9843031120927,29.78425275808877,2554.200050354004,66,0.009280452743209988
2018-06-01,2616.9843031120927,29.78425275808877,2587.200050354004,66,0.01277097541198513
2018-06-04,2667.804333324495,29.78425275808877,2638.0200805664062,66,0.01941931029237276
2018-06-05,2639.4243131828935,29.78425275808877,2609.6400604248047,66,-0.010637969129555946
2018-06-06,2640.744343395296,29.78425275808877,2610.960090637207,66,0.0005001205019630195
2018-06-07,2638.104282970491,29.78425275808877,2608.3200302124023,66,-0.0009997410129487516
2018-06-08,2599.1642728996903,29.78425275808877,2569.3800201416016,66,-0.014760603029291386
2018-06-11,2616.9843031120927,2616.9843031120927,0.0,0,0.0068560615418593596
2018-06-12,2616.9843031120927,2616.9843031120927,0.0,0,0.0
2018-06-13,2616.9843031120927,2616.9843031120927,0.0,0,0.0
2018-06-14,2616.9843031120927,2616.9843031120927,0.0,0,0.0
2018-06-15,2616.9843031120927,2616.9843031120927,0.0,0,0.0
2018-06-18,2616.9843031120927,2616.9843031120927,0.0,0,0.0
2018-06-19,2616.9843031120927,2616.9843031120927,0.0,0,0.0
2018-06-20,2616.9843031120927,2616.9843031120927,0.0,0,0.0
2018-06-21,2616.9843031120927,2616.9843031120927,0.0,0,0.0
2018-06-22,2616.9843031120927,2616.9843031120927,0.0,0,0.0
2018-06-25,2616.9843031120927,2616.9843031120927,0.0,0,0.0
2018-06-26,2616.9987791257618,28.338844128203164,2588.6599349975586,71,5.531563048277732e-06
2018-06-27,2549.5487249570606,28.338844128203164,2521.2098808288574,71,-0.025773819501449524
2018-06-28,2580.078746624541,28.338844128203164,2551.739902496338,71,0.011974676682437124
2018-06-29,2624.0989416318653,28.338844128203164,2595.760097503662,71,0.01706157033575617
2018-07-02,2622.6789091306446,28.338844128203164,2594.3400650024414,71,-0.0005411505178755105
2018-07-03,2612.028800793242,28.338844128203164,2583.689956665039,71,-0.004060774767481012
2018-07-05,2626.2288549619434,28.338844128203164,2597.8900108337402,71,0.005436407961653789
2018-07-06,2674.508876629424,28.338844128203164,2646.1700325012207,71,0.018383783110242247
2018-07-09,2714.268974133086,28.338844128203164,2685.930130004883,71,0.014866317270844087
2018-07-10,2721.3688657956836,28.338844128203164,2693.0300216674805,71,0.0026157656924421513
2018-07-11,2653.208930798125,28.338844128203164,2624.870086669922,71,-0.025046194896342966
2018-07-12,2677.3489416318653,28.338844128203164,2649.010097503662,71,0.009098420615702763
2018-07-13,2710.008876629424,28.338844128203164,2681.6700325012207,71,0.012198609785115222
2018-07-16,2711.4289091306446,28.338844128203164,2683.0900650024414,71,0.0005239955165707855
2018-07-17,2729.1789091306446,28.338844128203164,2700.8400650024414,71,0.00654636377897555
2018-07-18,2755.448833294463,28.338844128203164,2727.1099891662598,71,0.009625577889353698
2018-07-19,2854.8489416318653,28.338844128203164,2826.510097503662,71,0.03607401710252689
2018-07-20,2920.1688116269825,28.338844128203164,2891.8299674987793,71,0.022880324434181754
2018-07-23,2920.8789632993457,28.338844128203164,2892.5401191711426,71,0.00024318856825522595
2018-07-24,2896.028800793242,28.338844128203164,2867.689956665039,71,-0.008507768660853232
2018-07-25,2931.528800793242,28.338844128203164,2903.189956665039,71,0.012258165385052866
2018-07-26,2926.5588224607227,28.338844128203164,2898.2199783325195,71,-0.0016953537455183243
2018-07-27,2971.2888982969043,28.338844128203164,2942.950054168701,71,0.01528418820523525
2018-07-30,2945.7288549619434,28.338844128203164,2917.3900108337402,71,-0.00860234201716692
2018-07-31,2954.2487791257618,28.338844128203164,2925.9099349975586,71,0.002892297486738027
2018-08-01,2989.7487791257618,28.338844128203164,2961.4099349975586,71,0.012016591239992103
2018-08-02,2978.388789959502,28.338844128203164,2950.049945831299,71,-0.0037996467280376756
2018-08-03,2988.328746624541,28.338844128203164,2959.989902496338,71,0.003337360353540042
2018-08-06,2944.3088224607227,28.338844128203164,2915.9699783325195,71,-0.014730616306368849
2018-08-07,2956.3789632993457,28.338844128203164,2928.0401191711426,71,0.004099481938357075
2018-08-08,3008.208930798125,28.338844128203164,2979.870086669922,71,0.017531570932617146
2018-08-09,2998.9788549619434,28.338844128203164,2970.6400108337402,71,-0.003068296135179893
2018-08-10,2941.4687574582813,28.338844128203164,2913.129913330078,71,-0.01917655985086697
2018-08-13,2932.948833294463,2932.948833294463,0.0,0,-0.002896486370020268
2018-08-14,2932.948833294463,2932.948833294463,0.0,0,0.0
2018-08-15,2932.948833294463,2932.948833294463,0.0,0,0.0
2018-08-16,2932.948833294463,2932.948833294463,0.0,0,0.0
2018-08-17,2932.948833294463,2932.948833294463,0.0,0,0.0
2018-08-20,2932.948833294463,2932.948833294463,0.0,0,0.0
2018-08-21,2932.948833294463,2932.948833294463,0.0,0,0.0
2018-08-22,2932.948833294463,2932.948833294463,0.0,0,0.0
2018-08-23,2932.948833294463,2932.948833294463,0.0,0,0.0
2018-08-24,2932.948833294463,2932.948833294463,0.0,0,0.0
2018-08-27,2932.948833294463,2932.948833294463,0.0,0,0.0
2018-08-28,2932.948833294463,2932.948833294463,0.0,0,0.0
2018-08-29,2932.948833294463,2932.948833294463,0.0,0,0.0
2018-08-30,2932.948833294463,2932.948833294463,0.0,0,0.0
2018-08-31,2932.948833294463,2932.948833294463,0.0,0,0.0
2018-09-04,2932.948833294463,2932.948833294463,0.0,0,0.0
2018-09-05,2932.948833294463,2932.948833294463,0.0,0,0.0
2018-09-06,2932.948833294463,2932.948833294463,0.0,0,0.0
2018-09-07,2932.948833294463,2932.948833294463,0.0,0,0.0
2018-09-10,2932.948833294463,2932.948833294463,0.0,0,0.0
2018-09-11,2932.948833294463,2932.948833294463,0.0,0,0.0
2018-09-12,2932.948833294463,2932.948833294463,0.0,0,0.0
2018-09-13,2932.948833294463,2932.948833294463,0.0,0,0.0
2018-09-14,2932.948833294463,2932.948833294463,0.0,0,0.0
2018-09-17,2932.948833294463,2932.948833294463,0.0,0,0.0
2018-09-18,2932.948833294463,2932.948833294463,0.0,0,0.0
2018-09-19,2932.948833294463,2932.948833294463,0.0,0,0.0
2018-09-20,2932.948833294463,2932.948833294463,0.0,0,0.0
2018-09-21,2932.948833294463,2932.948833294463,0.0,0,0.0
2018-09-24,2932.948833294463,2932.948833294463,0.0,0,0.0
2018-09-25,2932.948833294463,2932.948833294463,0.0,0,0.0
2018-09-26,2932.948833294463,2932.948833294463,0.0,0,0.0
2018-09-27,2932.948833294463,2932.948833294463,0.0,0,0.0
2018-09-28,2932.948833294463,2932.948833294463,0.0,0,0.0
2018-10-01,2932.948833294463,2932.948833294463,0.0,0,0.0
2018-10-02,2932.948833294463,2932.948833294463,0.0,0,0.0
2018-10-03,2932.948833294463,2932.948833294463,0.0,0,0.0
2018-10-04,2932.948833294463,2932.948833294463,0.0,0,0.0
2018-10-05,2932.948833294463,2932.948833294463,0.0,0,0.0
2018-10-08,2932.948833294463,2932.948833294463,0.0,0,0.0
2018-10-09,2940.594373145492,36.69426480808988,2903.9001083374023,71,0.0026067757351366794
2018-10-10,2830.5441564706875,36.69426480808988,2793.8498916625977,71,-0.03742448046552105
2018-10-11,2801.434167304428,36.69426480808988,2764.739902496338,71,-0.010284237785061157
2018-10-12,2852.5542539743496,36.69426480808988,2815.8599891662598,71,0.01824782722597762
2018-10-15,2787.94426480809,36.69426480808988,2751.25,71,-0.022649872154487993
2018-10-16,2877.4041456369473,36.69426480808988,2840.7098808288574,71,0.03208811666649858
2018-10-17,2846.1642431406094,36.69426480808988,2809.4699783325195,71,-0.01085697417365139
2018-10-18,2773.0343298105313,36.69426480808988,2736.3400650024414,71,-0.025694200011937007
2018-10-19,2766.644318976791,36.69426480808988,2729.950054168701,71,-0.0023043388843212442
2018-10-22,2785.8143514780118,36.69426480808988,2749.120086669922,71,0.0069289833787924415
2018-10-23,2734.69426480809,36.69426480808988,2698.0,71,-0.018350141186831093
2018-10-24,2626.774232306869,36.69426480808988,2590.0799674987793,71,-0.03946328987851011
2018-10-25,2691.384221473129,36.69426480808988,2654.689956665039,71,0.024596704342389808
2018-10-26,2640.264134803207,36.69426480808988,2603.569869995117,71,-0.018993975762383486
2018-10-29,2616.1243948129727,36.69426480808988,2579.430130004883,71,-0.009142926145922714
2018-10-30,2719.074178138168,36.69426480808988,2682.379913330078,71,0.03935202145942118
2018-10-31,2741.7941564706875,36.69426480808988,2705.0998916625977,71,0.008355777313907797
2018-11-01,2809.2442106393887,36.69426480808988,2772.549945831299,71,0.024600699512586477
2018-11-02,2790.074178138168,36.69426480808988,2753.379913330078,71,-0.0068239110108756496
2018-11-05,2768.774232306869,36.69426480808988,2732.0799674987793,71,-0.0076341862156197315
2018-11-06,2786.524232306869,36.69426480808988,2749.8299674987793,71,0.006410779106829301
2018-11-07,2818.4742864755704,36.69426480808988,2781.7800216674805,71,0.011465916498508477
2018-11-08,2784.394318976791,36.69426480808988,2747.700054168701,71,-0.01209163683426595
2018-11-09,2739.6642431406094,36.69426480808988,2702.9699783325195,71,-0.01606456223938102
2018-11-12,2667.954362311752,36.69426480808988,2631.260097503662,71,-0.02617469677475981
2018-11-13,2692.094373145492,36.69426480808988,2655.4001083374023,71,0.009048134846213474
2018-11-14,2771.6142973093106,2771.6142973093106,0.0,0,0.029538312236396802
2018-11-15,2771.6142973093106,2771.6142973093106,0.0,0,0.0
2018-11-16,2771.6142973093106,2771.6142973093106,0.0,0,0.0
2018-11-19,2771.6142973093106,2771.6142973093106,0.0,0,0.0
2018-11-20,2765.335640330146,21.05568732721622,2744.2799530029297,77,-0.002265342975485418
2018-11-21,2806.1455463360053,21.05568732721622,2785.089859008789,77,0.014757668259389733
2018-11-23,2789.9756168316108,21.05568732721622,2768.9199295043945,77,-0.005762327447878746
2018-11-26,2857.735699076484,21.05568732721622,2836.6800117492676,77,0.024286980085447274
2018-11-27,2854.6556285808783,21.05568732721622,2833.599941253662,77,-0.0010778010354843826
2018-11-28,2947.825558085273,21.05568732721622,2926.7698707580566,77,0.032637887586711045
2018-11-29,2941.6657108257514,21.05568732721622,2920.610023498535,77,-0.0020896240765082563
2018-11-30,2915.485699076484,21.05568732721622,2894.4300117492676,77,-0.008899723599769094
2018-12-03,3003.2656520794135,21.05568732721622,2982.2099647521973,77,0.0301081747822447
2018-12-04,2903.935581583808,21.05568732721622,2882.879894256592,77,-0.03307402075032251
2018-12-06,2859.2757343242865,21.05568732721622,2838.2200469970703,77,-0.015379076430877325
2018-12-07,2833.095722575019,21.05568732721622,2812.0400352478027,77,-0.009156168967892286
2018-12-10,2826.1657108257514,21.05568732721622,2805.110023498535,77,-0.002446091635396219
2018-12-11,2846.955746073554,21.05568732721622,2825.900058746338,77,0.007356269014292316
2018-12-12,2895.465828318427,2895.465828318427,0.0,0,0.017039282156660507
2018-12-13,2895.465828318427,2895.465828318427,0.0,0,0.0
2018-12-14,2895.465828318427,2895.465828318427,0.0,0,0.0
2018-12-17,2895.465828318427,2895.465828318427,0.0,0,0.0
2018-12-18,2895.465828318427,2895.465828318427,0.0,0,0.0
2018-12-19,2895.465828318427,2895.465828318427,0.0,0,0.0
2018-12-20,2895.465828318427,2895.465828318427,0.0,0,0.0
2018-12-21,2895.465828318427,2895.465828318427,0.0,0,0.0
2018-12-24,2895.465828318427,2895.465828318427,0.0,0,0.0
2018-12-26,3009.5224827127745,31.962618668585037,2977.5598640441895,81,0.0393914696829929
2018-12-27,3011.142519791632,31.962618668585037,2979.179901123047,81,0.0005383036970691979
2018-12-28,3040.3025692301085,31.962618668585037,3008.3399505615234,81,0.009684048246409338
2018-12-31,3021.672606308966,31.962618668585037,2989.709987640381,81,-0.006127667393926561
2019-01-02,2990.0826557474425,31.962618668585037,2958.1200370788574,81,-0.010454458400147804
2019-01-03,2864.532717545538,2864.532717545538,0.0,0,-0.041988785146315655
2019-01-04,2896.4985775928867,28.958477495230454,2867.5401000976562,82,0.011159188321206548
2019-01-07,2917.8184399586094,28.958477495230454,2888.859962463379,82,0.007360563727063951
2019-01-08,2894.038364885367,28.958477495230454,2865.0798873901367,82,-0.008149950232537284
2019-01-09,2948.9785275440586,28.958477495230454,2920.020050048828,82,0.01898390958644658
2019-01-10,3015.398327348746,28.958477495230454,2986.4398498535156,82,0.022522985224989966
2019-01-11,3030.9785275440586,28.958477495230454,3002.020050048828,82,0.005166879630463583
2019-01-14,2961.278339860953,28.958477495230454,2932.3198623657227,82,-0.02299593581732895
2019-01-15,2984.2385525684726,28.958477495230454,2955.280075073242,82,0.007753480109741195
2019-01-16,2951.4384274464023,28.958477495230454,2922.479949951172,82,-0.010991120362626505
2019-01-17,3004.7385525684726,28.958477495230454,2975.780075073242,82,0.018059033394163038
2019-01-18,3049.8384900074375,28.958477495230454,3020.880012512207,82,0.015009604546263544
2019-01-22,3011.2983899097812,28.958477495230454,2982.339912414551,82,-0.012636767561275741
2019-01-23,3021.138615129508,28.958477495230454,2992.1801376342773,82,0.0032677682333637215
2019-01-24,3115.4384274464023,28.958477495230454,3086.479949951172,82,0.031213335212310955
2019-01-25,3156.4384274464023,28.958477495230454,3127.479949951172,82,0.013160266509778529
2019-01-28,3099.038364885367,28.958477495230454,3070.0798873901367,82,-0.018185072790243728
2019-01-29,3008.018627641715,28.958477495230454,2979.0601501464844,82,-0.029370316377809402
2019-01-30,3094.1185650806797,28.958477495230454,3065.160087585449,82,0.02862347215797234
2019-01-31,3113.7983899097812,28.958477495230454,3084.839912414551,82,0.006360397772471327
2019-02-01,3109.6984524708164,28.958477495230454,3080.739974975586,82,-0.0013166997106334177
2019-02-04,3140.038364885367,28.958477495230454,3111.0798873901367,82,0.009756544847763005
2019-02-05,3165.4584774952305,28.958477495230454,3136.5,82,0.008095478352791119
2019-02-06,3205.638615129508,28.958477495230454,3176.6801376342773,82,0.012693307437117607
2019-02-07,3154.7983899097812,28.958477495230454,3125.839912414551,82,-0.015859624656309745
2019-02-08,3127.7385525684726,28.958477495230454,3098.780075073242,82,-0.008577358676185476
2019-02-11,3168.7385525684726,28.958477495230454,3139.780075073242,82,0.013108512527791438
2019-02-12,3197.4384274464023,28.958477495230454,3168.479949951172,82,0.00905719244481884
2019-02-13,3155.6185650806797,28.958477495230454,3126.660087585449,82,-0.013079176758103106
2019-02-14,3149.8785901050937,28.958477495230454,3120.9201126098633,82,-0.0018189698333959115
2019-02-15,3152.3384900074375,28.958477495230454,3123.380012512207,82,0.0007809507039640007
2019-02-19,3182.6784024219883,28.958477495230454,3153.719924926758,82,0.009624573157585914
2019-02-20,3226.9584774952305,28.958477495230454,3198.0,82,0.013912833618233478
2019-02-21,3225.3184399586094,28.958477495230454,3196.359962463379,82,-0.0005082301331296168
2019-02-22,3258.9384274464023,28.958477495230454,3229.979949951172,82,0.010423773067264719
2019-02-25,3274.518627641715,28.958477495230454,3245.5601501464844,82,0.004780759300052395
2019-02-26,3276.15835237316,28.958477495230454,3247.1998748779297,82,0.0005007529099403385
2019-02-27,3263.8585400562656,28.958477495230454,3234.900062561035,82,-0.003754339990307498
2019-02-28,3231.0584149341953,28.958477495230454,3202.099937438965,82,-0.010049493481266158
2019-03-01,3258.9384274464023,28.958477495230454,3229.979949951172,82,0.008628755327772408
2019-03-04,3239.2586026173008,28.958477495230454,3210.3001251220703,82,-0.0060387225064948424
2019-03-05,3228.5985150318515,28.958477495230454,3199.640037536621,82,-0.0032909035347891136
2019-03-06,3209.7385525684726,28.958477495230454,3180.780075073242,82,-0.00584153228577966
2019-03-07,3161.3585400562656,3161.3585400562656,0.0,0,-0.01507288264132689
2019-03-08,3161.3585400562656,3161.3585400562656,0.0,0,0.0
2019-03-11,3190.6431671678906,22.16321721671875,3168.479949951172,82,0.00926330460166791
2019-03-12,3211.963342338789,22.16321721671875,3189.8001251220703,82,0.006682093250127696
2019-03-13,3237.3831421434766,22.16321721671875,3215.219924926758,82,0.007914100223254117
2019-03-14,3205.4031921923047,22.16321721671875,3183.239974975586,82,-0.009878333378235182
2019-03-15,3273.463342338789,22.16321721671875,3251.3001251220703,82,0.021232945144705972
2019-03-18,3289.8630920946484,22.16321721671875,3267.6998748779297,82,0.005009907868448016
2019-03-19,3282.4830795824414,22.16321721671875,3260.3198623657227,82,-0.002243258246806934
2019-03-20,3289.8630920946484,22.16321721671875,3267.6998748779297,82,0.0022483017682899398
2019-03-21,3387.443292289961,22.16321721671875,3365.280075073242,82,0.02966086960572678
2019-03-22,3337.423242241133,22.16321721671875,3315.260025024414,82,-0.014766313627353367
2019-03-25,3295.6030670702344,22.16321721671875,3273.4398498535156,82,-0.012530677752101815
2019-03-26,3334.963342338789,22.16321721671875,3312.8001251220703,82,0.011943269400931156
2019-03-27,3318.563279777754,22.16321721671875,3296.400062561035,82,-0.0049176140417585
2019-03-28,3330.043229728926,22.16321721671875,3307.880012512207,82,0.0034593132579772146
2019-03-29,3380.8831421434766,22.16321721671875,3358.719924926758,82,0.01526704277009916
2019-04-01,3414.5031296312695,22.16321721671875,3392.339912414551,82,0.009944143608133782
2019-04-02,3406.30325475334,22.16321721671875,3384.140037536621,82,-0.002401484071509752
2019-04-03,3448.943292289961,22.16321721671875,3426.780075073242,82,0.012517980446138832
2019-04-04,3469.443292289961,22.16321721671875,3447.280075073242,82,0.005943849539604473
2019-04-05,3485.0231796800977,22.16321721671875,3462.859962463379,82,0.004490601539664629
2019-04-08,3498.1431671678906,22.16321721671875,3475.979949951172,82,0.003764677252160231
2019-04-09,3483.3831421434766,22.16321721671875,3461.219924926758,82,-0.004219388492428089
2019-04-10,3496.5031296312695,22.16321721671875,3474.339912414551,82,0.0037664497278699915
2019-04-11,3474.3630920946484,22.16321721671875,3452.1998748779297,82,-0.006332051399867034
2019-04-12,3513.723367363203,22.16321721671875,3491.5601501464844,82,0.011328774289052435
2019-04-15,3516.183267265547,22.16321721671875,3494.020050048828,82,0.0007000835424872953
2019-04-16,3548.9830795824414,22.16321721671875,3526.8198623657227,82,0.009328243104461897
2019-04-17,3662.1431671678906,22.16321721671875,3639.979949951172,82,0.03188521473558659
2019-04-18,3744.963342338789,22.16321721671875,3722.8001251220703,82,0.022615220484388354
2019-04-22,3724.463342338789,22.16321721671875,3702.3001251220703,82,-0.005474018869086605
2019-04-23,3746.6030670702344,22.16321721671875,3724.4398498535156,82,0.005944406669214919
2019-04-24,3745.7832047045117,22.16321721671875,3723.619987487793,82,-0.00021882818944141125
2019-04-25,3669.5231796800977,22.16321721671875,3647.359962463379,82,-0.020358899823309407
2019-04-26,3625.2431046068555,22.16321721671875,3603.0798873901367,82,-0.012066983339536375
2019-04-29,3616.223367363203,22.16321721671875,3594.0601501464844,82,-0.0024880365215205202
2019-04-30,3615.4031921923047,22.16321721671875,3593.239974975586,82,-0.00022680434463773214
2019-05-01,3615.4031921923047,22.16321721671875,3593.239974975586,82,0.0
2019-05-02,3688.3831421434766,3688.3831421434766,0.0,0,0.020185839883301693
2019-05-03,3688.3831421434766,3688.3831421434766,0.0,0,0.0
2019-05-06,3688.3831421434766,3688.3831421434766,0.0,0,0.0
2019-05-07,3688.3831421434766,3688.3831421434766,0.0,0,0.0
2019-05-08,3688.3831421434766,3688.3831421434766,0.0,0,0.0
2019-05-09,3688.3831421434766,3688.3831421434766,0.0,0,0.0
2019-05-10,3688.3831421434766,3688.3831421434766,0.0,0,0.0
2019-05-13,3688.3831421434766,3688.3831421434766,0.0,0,0.0
2019-05-14,3722.127361472936,28.767254051061173,3693.360107421875,88,0.009148783634730817
2019-05-15,3722.127361472936,28.767254051061173,3693.360107421875,88,0.0
2019-05-16,3683.407146629186,28.767254051061173,3654.639892578125,88,-0.01040271089177014
2019-05-17,3570.767254051061,28.767254051061173,3542.0,88,-0.03058035348636534
2019-05-20,3430.847240623327,28.767254051061173,3402.0799865722656,88,-0.03918485957576601
2019-05-21,3487.1671869123893,28.767254051061173,3458.399932861328,88,0.016415754575779484
2019-05-22,3451.967388328405,28.767254051061173,3423.2001342773438,88,-0.010094095492780508
2019-05-23,3378.9272271955924,28.767254051061173,3350.1599731445312,88,-0.02115899512254138
2019-05-24,3390.367321189733,28.767254051061173,3361.600067138672,88,0.0033857177810945327
2019-05-28,3341.967388328405,28.767254051061173,3313.2001342773438,88,-0.014275719494707628
2019-05-29,3345.487133201452,28.767254051061173,3316.7198791503906,88,0.0010531954576633584
2019-05-30,3376.2873346174674,28.767254051061173,3347.5200805664062,88,0.00920649226546022
2019-05-31,3403.5671197737174,28.767254051061173,3374.7998657226562,88,0.008079817400772571
2019-06-03,3444.9272271955924,28.767254051061173,3416.1599731445312,88,0.01215198818368668
2019-06-04,3466.0473749006705,28.767254051061173,3437.2801208496094,88,0.006130796476148337
2019-06-05,3393.007213767858,28.767254051061173,3364.239959716797,88,-0.021073041777135426
2019-06-06,3411.487133201452,28.767254051061173,3382.7198791503906,88,0.005446472190983709
2019-06-07,3444.9272271955924,28.767254051061173,3416.1599731445312,88,0.0098022043432886
2019-06-10,3515.3271600569205,28.767254051061173,3486.5599060058594,88,0.02043582584432091
2019-06-11,3545.247173484655,28.767254051061173,3516.4799194335938,88,0.008511302665567433
2019-06-12,3501.247173484655,28.767254051061173,3472.4799194335938,88,-0.01241098232277893
2019-06-13,3500.367321189733,28.767254051061173,3471.600067138672,88,-0.0002512968240532265
2019-06-14,3358.6872674787955,28.767254051061173,3329.9200134277344,88,-0.04047576745825121
2019-06-17,3342.847240623327,28.767254051061173,3314.0799865722656,88,-0.004716136274086402
2019-06-18,3479.247173484655,28.767254051061173,3450.4799194335938,88,0.04080351958765971
2019-06-19,3495.967388328405,28.767254051061173,3467.2001342773438,88,0.004805699052132573
2019-06-20,3593.647106345983,28.767254051061173,3564.879852294922,88,0.027940683412462697
2019-06-21,3594.5272943342643,28.767254051061173,3565.760040283203,88,0.00024492888762694953
2019-06-24,3547.007213767858,28.767254051061173,3518.239959716797,88,-0.013220119552662224
2019-06-25,3453.7270929182487,28.767254051061173,3424.9598388671875,88,-0.026298260823248043
2019-06-26,3467.8074151838737,28.767254051061173,3439.0401611328125,88,0.004076848542693634
2019-06-27,3512.6872674787955,28.767254051061173,3483.9200134277344,88,0.012941852566095369
2019-06-28,3475.7270929182487,28.767254051061173,3446.9598388671875,88,-0.010521908654588241
2019-07-01,3670.207348045202,28.767254051061173,3641.4400939941406,88,0.05595383352254668
2019-07-02,3619.1671869123893,28.767254051061173,3590.399932861328,88,-0.0139066151562246
2019-07-03,3577.8074151838737,28.767254051061173,3549.0401611328125,88,-0.01142798041441151
2019-07-05,3542.60728090653,28.767254051061173,3513.8400268554688,88,-0.009838465348346537
2019-07-08,3488.9272271955924,28.767254051061173,3460.1599731445312,88,-0.015152696715849623
2019-07-09,3611.247173484655,3611.247173484655,0.0,0,0.03505947195905934
2019-07-10,3611.247173484655,3611.247173484655,0.0,0,0.0
2019-07-11,3611.247173484655,3611.247173484655,0.0,0,0.0
2019-07-12,3611.247173484655,3611.247173484655,0.0,0,0.0
2019-07-15,3611.247173484655,3611.247173484655,0.0,0,0.0
2019-07-16,3611.247173484655,3611.247173484655,0.0,0,0.0
2019-07-17,3611.247173484655,3611.247173484655,0.0,0,0.0
2019-07-18,3611.247173484655,3611.247173484655,0.0,0,0.0
2019-07-19,3611.247173484655,3611.247173484655,0.0,0,0.0
2019-07-22,3611.247173484655,3611.247173484655,0.0,0,0.0
2019-07-23,3611.247173484655,3611.247173484655,0.0,0,0.0
2019-07-24,3611.247173484655,3611.247173484655,0.0,0,0.0
2019-07-25,3611.247173484655,3611.247173484655,0.0,0,0.0
2019-07-26,3611.247173484655,3611.247173484655,0.0,0,0.0
2019-07-29,3611.247173484655,3611.247173484655,0.0,0,0.0
2019-07-30,3611.247173484655,3611.247173484655,0.0,0,0.0
2019-07-31,3611.247173484655,3611.247173484655,0.0,0,0.0
2019-08-01,3611.247173484655,3611.247173484655,0.0,0,0.0
2019-08-02,3611.247173484655,3611.247173484655,0.0,0,0.0
2019-08-05,3611.247173484655,3611.247173484655,0.0,0,0.0
2019-08-06,3611.247173484655,3611.247173484655,0.0,0,0.0
2019-08-07,3611.247173484655,3611.247173484655,0.0,0,0.0
2019-08-08,3611.247173484655,3611.247173484655,0.0,0,0.0
2019-08-09,3611.247173484655,3611.247173484655,0.0,0,0.0
2019-08-12,3611.247173484655,3611.247173484655,0.0,0,0.0
2019-08-13,3611.247173484655,3611.247173484655,0.0,0,0.0
2019-08-14,3611.247173484655,3611.247173484655,0.0,0,0.0
2019-08-15,3611.247173484655,3611.247173484655,0.0,0,0.0
2019-08-16,3611.247173484655,3611.247173484655,0.0,0,0.0
2019-08-19,3611.247173484655,3611.247173484655,0.0,0,0.0
2019-08-20,3611.247173484655,3611.247173484655,0.0,0,0.0
2019-08-21,3611.247173484655,3611.247173484655,0.0,0,0.0
2019-08-22,3611.247173484655,3611.247173484655,0.0,0,0.0
2019-08-23,3611.247173484655,3611.247173484655,0.0,0,0.0
2019-08-26,3611.247173484655,3611.247173484655,0.0,0,0.0
2019-08-27,3611.247173484655,3611.247173484655,0.0,0,0.0
2019-08-28,3611.247173484655,3611.247173484655,0.0,0,0.0
2019-08-29,3611.247173484655,3611.247173484655,0.0,0,0.0
2019-08-30,3611.247173484655,3611.247173484655,0.0,0,0.0
2019-09-03,3611.247173484655,3611.247173484655,0.0,0,0.0
2019-09-04,3611.247173484655,3611.247173484655,0.0,0,0.0
2019-09-05,3611.247173484655,3611.247173484655,0.0,0,0.0
2019-09-06,3611.247173484655,3611.247173484655,0.0,0,0.0
2019-09-09,3611.247173484655,3611.247173484655,0.0,0,0.0
2019-09-10,3611.247173484655,3611.247173484655,0.0,0,0.0
2019-09-11,3611.247173484655,3611.247173484655,0.0,0,0.0
2019-09-12,3611.247173484655,3611.247173484655,0.0,0,0.0
2019-09-13,3611.247173484655,3611.247173484655,0.0,0,0.0
2019-09-16,3611.247173484655,3611.247173484655,0.0,0,0.0
2019-09-17,3611.247173484655,3611.247173484655,0.0,0,0.0
2019-09-18,3611.247173484655,3611.247173484655,0.0,0,0.0
2019-09-19,3611.247173484655,3611.247173484655,0.0,0,0.0
2019-09-20,3611.247173484655,3611.247173484655,0.0,0,0.0
2019-09-23,3611.247173484655,3611.247173484655,0.0,0,0.0
2019-09-24,3611.247173484655,3611.247173484655,0.0,0,0.0
2019-09-25,3611.247173484655,3611.247173484655,0.0,0,0.0
2019-09-26,3611.247173484655,3611.247173484655,0.0,0,0.0
2019-09-27,3611.247173484655,3611.247173484655,0.0,0,0.0
2019-09-30,3611.247173484655,3611.247173484655,0.0,0,0.0
2019-10-01,3611.247173484655,3611.247173484655,0.0,0,0.0
2019-10-02,3611.247173484655,3611.247173484655,0.0,0,0.0
2019-10-03,3611.247173484655,3611.247173484655,0.0,0,0.0
2019-10-04,3611.247173484655,3611.247173484655,0.0,0,0.0
2019-10-07,3611.247173484655,3611.247173484655,0.0,0,0.0
2019-10-08,3611.247173484655,3611.247173484655,0.0,0,0.0
2019-10-09,3611.247173484655,3611.247173484655,0.0,0,0.0
2019-10-10,3611.247173484655,3611.247173484655,0.0,0,0.0
2019-10-11,3611.247173484655,3611.247173484655,0.0,0,0.0
2019-10-14,3611.247173484655,3611.247173484655,0.0,0,0.0
2019-10-15,3611.247173484655,3611.247173484655,0.0,0,0.0
2019-10-16,3611.247173484655,3611.247173484655,0.0,0,0.0
2019-10-17,3611.247173484655,3611.247173484655,0.0,0,0.0
2019-10-18,3611.247173484655,3611.247173484655,0.0,0,0.0
2019-10-21,3611.247173484655,3611.247173484655,0.0,0,0.0
2019-10-22,3611.247173484655,3611.247173484655,0.0,0,0.0
2019-10-23,3611.247173484655,3611.247173484655,0.0,0,0.0
2019-10-24,3611.247173484655,3611.247173484655,0.0,0,0.0
2019-10-25,3611.247173484655,3611.247173484655,0.0,0,0.0
2019-10-28,3611.247173484655,3611.247173484655,0.0,0,0.0
2019-10-29,3611.247173484655,3611.247173484655,0.0,0,0.0
2019-10-30,3611.247173484655,3611.247173484655,0.0,0,0.0
2019-10-31,3611.247173484655,3611.247173484655,0.0,0,0.0
2019-11-01,3611.247173484655,3611.247173484655,0.0,0,0.0
2019-11-04,3611.247173484655,3611.247173484655,0.0,0,0.0
2019-11-05,3611.247173484655,3611.247173484655,0.0,0,0.0
2019-11-06,3611.247173484655,3611.247173484655,0.0,0,0.0
2019-11-07,3611.247173484655,3611.247173484655,0.0,0,0.0
2019-11-08,3611.247173484655,3611.247173484655,0.0,0,0.0
2019-11-11,3611.247173484655,3611.247173484655,0.0,0,0.0
2019-11-12,3611.247173484655,3611.247173484655,0.0,0,0.0
2019-11-13,3611.247173484655,3611.247173484655,0.0,0,0.0
2019-11-14,3611.247173484655,3611.247173484655,0.0,0,0.0
2019-11-15,3611.247173484655,3611.247173484655,0.0,0,0.0
2019-11-18,3611.247173484655,3611.247173484655,0.0,0,0.0
2019-11-19,3611.247173484655,3611.247173484655,0.0,0,0.0
2019-11-20,3611.247173484655,3611.247173484655,0.0,0,0.0
2019-11-21,3611.247173484655,3611.247173484655,0.0,0,0.0
2019-11-22,3611.247173484655,3611.247173484655,0.0,0,0.0
2019-11-25,3611.247173484655,3611.247173484655,0.0,0,0.0
2019-11-26,3611.247173484655,3611.247173484655,0.0,0,0.0
2019-11-27,3611.247173484655,3611.247173484655,0.0,0,0.0
2019-11-29,3611.247173484655,3611.247173484655,0.0,0,0.0
2019-12-02,3611.247173484655,3611.247173484655,0.0,0,0.0
2019-12-03,3611.247173484655,3611.247173484655,0.0,0,0.0
2019-12-04,3611.247173484655,3611.247173484655,0.0,0,0.0
2019-12-05,3611.247173484655,3611.247173484655,0.0,0,0.0
2019-12-06,3611.247173484655,3611.247173484655,0.0,0,0.0
2019-12-09,3611.247173484655,3611.247173484655,0.0,0,0.0
2019-12-10,3611.247173484655,3611.247173484655,0.0,0,0.0
2019-12-11,3611.247173484655,3611.247173484655,0.0,0,0.0
2019-12-12,3611.247173484655,3611.247173484655,0.0,0,0.0
2019-12-13,3611.247173484655,3611.247173484655,0.0,0,0.0
2019-12-16,3611.247173484655,3611.247173484655,0.0,0,0.0
2019-12-17,3611.247173484655,3611.247173484655,0.0,0,0.0
2019-12-18,3611.247173484655,3611.247173484655,0.0,0,0.0
2019-12-19,3611.247173484655,3611.247173484655,0.0,0,0.0
2019-12-20,3611.247173484655,3611.247173484655,0.0,0,0.0
2019-12-23,3611.247173484655,3611.247173484655,0.0,0,0.0
2019-12-24,3611.247173484655,3611.247173484655,0.0,0,0.0
2019-12-26,3611.247173484655,3611.247173484655,0.0,0,0.0
2019-12-27,3611.247173484655,3611.247173484655,0.0,0,0.0
2019-12-30,3611.247173484655,3611.247173484655,0.0,0,0.0
2019-12-31,3611.247173484655,3611.247173484655,0.0,0,0.0
2020-01-02,3611.247173484655,3611.247173484655,0.0,0,0.0
2020-01-03,3611.247173484655,3611.247173484655,0.0,0,0.0
2020-01-06,3611.247173484655,3611.247173484655,0.0,0,0.0
2020-01-07,3611.247173484655,3611.247173484655,0.0,0,0.0
2020-01-08,3611.247173484655,3611.247173484655,0.0,0,0.0
2020-01-09,3611.247173484655,3611.247173484655,0.0,0,0.0
2020-01-10,3611.247173484655,3611.247173484655,0.0,0,0.0
2020-01-13,3611.247173484655,3611.247173484655,0.0,0,0.0
2020-01-14,3611.247173484655,3611.247173484655,0.0,0,0.0
2020-01-15,3611.247173484655,3611.247173484655,0.0,0,0.0
2020-01-16,3611.247173484655,3611.247173484655,0.0,0,0.0
2020-01-17,3611.247173484655,3611.247173484655,0.0,0,0.0
2020-01-21,3611.247173484655,3611.247173484655,0.0,0,0.0
2020-01-22,3611.247173484655,3611.247173484655,0.0,0,0.0
2020-01-23,3611.247173484655,3611.247173484655,0.0,0,0.0
2020-01-24,3611.247173484655,3611.247173484655,0.0,0,0.0
2020-01-27,3611.247173484655,3611.247173484655,0.0,0,0.0
2020-01-28,3684.6304605403884,30.870450774763412,3653.760009765625,64,0.020320759984125525
2020-01-29,3691.0303628841384,30.870450774763412,3660.159912109375,64,0.0017369183727617976
2020-01-30,3602.0704019466384,30.870450774763412,3571.199951171875,64,-0.024101660563959015
2020-01-31,3483.0303628841384,30.870450774763412,3452.159912109375,64,-0.03304767141646314
2020-02-03,3536.1504800716384,30.870450774763412,3505.280029296875,64,0.015251120907115334
2020-02-04,3712.1504800716384,30.870450774763412,3681.280029296875,64,0.04977163754536673
2020-02-05,3737.7503335872634,30.870450774763412,3706.8798828125,64,0.006896232696668836
2020-02-06,3744.1504800716384,30.870450774763412,3713.280029296875,64,0.0017122990871978327
2020-02-07,3627.6704996028884,30.870450774763412,3596.800048828125,64,-0.03110985551695067
2020-02-10,3680.1504800716384,30.870450774763412,3649.280029296875,64,0.014466578614153347
2020-02-11,3785.1104410091384,30.870450774763412,3754.239990234375,64,0.028520562272077665
2020-02-12,3847.1905191341384,30.870450774763412,3816.320068359375,64,0.01640112728347476
2020-02-13,3827.9905679622634,30.870450774763412,3797.1201171875,64,-0.004990642152080449
2020-02-14,3755.0303628841384,30.870450774763412,3724.159912109375,64,-0.019059661663942795
2020-02-18,3626.3904703060134,30.870450774763412,3595.52001953125,64,-0.034258016619423626
2020-02-19,3719.8304117122634,30.870450774763412,3688.9599609375,64,0.025766652039090898
2020-02-20,3645.5904214778884,30.870450774763412,3614.719970703125,64,-0.019957896467705294
2020-02-21,3494.5503824153884,3494.5503824153884,0.0,0,-0.04143088542603468
2020-02-24,3494.5503824153884,3494.5503824153884,0.0,0,0.0
2020-02-25,3494.5503824153884,3494.5503824153884,0.0,0,0.0
2020-02-26,3494.5503824153884,3494.5503824153884,0.0,0,0.0
2020-02-27,3494.5503824153884,3494.5503824153884,0.0,0,0.0
2020-02-28,3494.5503824153884,3494.5503824153884,0.0,0,0.0
2020-03-02,3494.5503824153884,3494.5503824153884,0.0,0,0.0
2020-03-03,3494.5503824153884,3494.5503824153884,0.0,0,0.0
2020-03-04,3494.5503824153884,3494.5503824153884,0.0,0,0.0
2020-03-05,3494.5503824153884,3494.5503824153884,0.0,0,0.0
2020-03-06,3494.5503824153884,3494.5503824153884,0.0,0,0.0
2020-03-09,3494.5503824153884,3494.5503824153884,0.0,0,0.0
2020-03-10,3494.5503824153884,3494.5503824153884,0.0,0,0.0
2020-03-11,3494.5503824153884,3494.5503824153884,0.0,0,0.0
2020-03-12,3494.5503824153884,3494.5503824153884,0.0,0,0.0
2020-03-13,3667.0167589014354,10.916790944892455,3656.099967956543,70,0.049352951771392206
2020-03-16,3153.916897756416,10.916790944892455,3143.0001068115234,70,-0.13992296596395537
2020-03-17,3408.7168550318065,10.916790944892455,3397.800064086914,70,0.08078841819093152
2020-03-18,3116.816716176826,10.916790944892455,3105.8999252319336,70,-0.08563343664760237
2020-03-19,3083.216748220283,10.916790944892455,3072.2999572753906,70,-0.01078021937644047
2020-03-20,3128.0167054956737,10.916790944892455,3117.0999145507812,70,0.014530265282598265
2020-03-23,3179.1166734522167,10.916790944892455,3168.199882507324,70,0.01633621964574683
2020-03-24,3431.816716176826,10.916790944892455,3420.8999252319336,70,0.079487501932479
2020-03-25,3440.9167909448925,10.916790944892455,3430.0,70,0.0026516785483241545
2020-03-26,3501.816716176826,10.916790944892455,3490.8999252319336,70,0.017698749761167587
2020-03-27,3294.61678026374,10.916790944892455,3283.6999893188477,70,-0.05916926918416798
2020-03-30,3358.3167695825878,10.916790944892455,3347.3999786376953,70,0.019334567134010827
2020-03-31,3356.2168550318065,10.916790944892455,3345.300064086914,70,-0.0006252878137645856
2020-04-01,3266.6166734522167,10.916790944892455,3255.699882507324,70,-0.026696779573482265
2020-04-02,3380.016865712959,10.916790944892455,3369.1000747680664,70,0.03471487584764543
2020-04-03,3305.1168870752635,10.916790944892455,3294.200096130371,70,-0.02215964641995849
2020-04-06,3508.816876394111,10.916790944892455,3497.9000854492188,70,0.06163170510411331
2020-04-07,3491.316876394111,10.916790944892455,3480.4000854492188,70,-0.004987436112078969
2020-04-08,3529.8168229883495,10.916790944892455,3518.900032043457,70,0.011027342391791706
2020-04-09,3394.0169191187206,10.916790944892455,3383.100128173828,70,-0.03847222410670603
2020-04-13,3423.4167909448925,10.916790944892455,3412.5,70,0.008662264368972439
2020-04-14,3555.016865712959,10.916790944892455,3544.1000747680664,70,0.03844114894691031
2020-04-15,3487.11678026374,10.916790944892455,3476.1999893188477,70,-0.01909979277569518
2020-04-16,3678.916897756416,10.916790944892455,3668.0001068115234,70,0.055002493342987346
2020-04-17,3769.2166948145214,10.916790944892455,3758.299903869629,70,0.02454521250892472
2020-04-20,3692.216801626045,10.916790944892455,3681.3000106811523,70,-0.020428619371873347
2020-04-21,3606.816716176826,10.916790944892455,3595.8999252319336,70,-0.023129759176549136
2020-04-22,3717.416844350654,10.916790944892455,3706.5000534057617,70,0.03066419418479982
2020-04-23,3695.716748220283,10.916790944892455,3684.7999572753906,70,-0.005837412654797869
2020-04-24,3702.0167589014354,10.916790944892455,3691.099967956543,70,0.0017046789866095313
2020-04-27,3756.6166734522167,10.916790944892455,3745.699882507324,70,0.014748694591804945
2020-04-28,3704.1166734522167,10.916790944892455,3693.199882507324,70,-0.013975341261463936
2020-04-29,3824.5167589014354,10.916790944892455,3813.599967956543,70,0.032504398771274756
2020-04-30,3730.016865712959,10.916790944892455,3719.1000747680664,70,-0.02470897609966838
2020-05-01,3587.916684133369,10.916790944892455,3576.9998931884766,70,-0.038096391168040644
2020-05-04,3630.6167268579784,3630.6167268579784,0.0,0,0.011901068637808487
2020-05-05,3630.6167268579784,3630.6167268579784,0.0,0,0.0
2020-05-06,3630.6167268579784,3630.6167268579784,0.0,0,0.0
2020-05-07,3630.6167268579784,3630.6167268579784,0.0,0,0.0
2020-05-08,3630.6167268579784,3630.6167268579784,0.0,0,0.0
2020-05-11,3630.6167268579784,3630.6167268579784,0.0,0,0.0
2020-05-12,3630.6167268579784,3630.6167268579784,0.0,0,0.0
2020-05-13,3630.6167268579784,3630.6167268579784,0.0,0,0.0
2020-05-14,3630.6167268579784,3630.6167268579784,0.0,0,0.0
2020-05-15,3630.6167268579784,3630.6167268579784,0.0,0,0.0
2020-05-18,3630.6167268579784,3630.6167268579784,0.0,0,0.0
2020-05-19,3630.6167268579784,3630.6167268579784,0.0,0,0.0
2020-05-20,3630.6167268579784,3630.6167268579784,0.0,0,0.0
2020-05-21,3630.6167268579784,3630.6167268579784,0.0,0,0.0
2020-05-22,3630.6167268579784,3630.6167268579784,0.0,0,0.0
2020-05-26,3630.6167268579784,3630.6167268579784,0.0,0,0.0
2020-05-27,3630.6167268579784,3630.6167268579784,0.0,0,0.0
2020-05-28,3630.6167268579784,3630.6167268579784,0.0,0,0.0
2020-05-29,3630.6167268579784,3630.6167268579784,0.0,0,0.0
2020-06-01,3630.6167268579784,3630.6167268579784,0.0,0,0.0
2020-06-02,3630.6167268579784,3630.6167268579784,0.0,0,0.0
2020-06-03,3630.6167268579784,3630.6167268579784,0.0,0,0.0
2020-06-04,3630.6167268579784,3630.6167268579784,0.0,0,0.0
2020-06-05,3630.6167268579784,3630.6167268579784,0.0,0,0.0
2020-06-08,3630.6167268579784,3630.6167268579784,0.0,0,0.0
2020-06-09,3630.6167268579784,3630.6167268579784,0.0,0,0.0
2020-06-10,3630.6167268579784,3630.6167268579784,0.0,0,0.0
2020-06-11,3630.6167268579784,3630.6167268579784,0.0,0,0.0
2020-06-12,3630.6167268579784,3630.6167268579784,0.0,0,0.0
2020-06-15,3630.6167268579784,3630.6167268579784,0.0,0,0.0
2020-06-16,3630.6167268579784,3630.6167268579784,0.0,0,0.0
2020-06-17,3630.6167268579784,3630.6167268579784,0.0,0,0.0
2020-06-18,3630.6167268579784,3630.6167268579784,0.0,0,0.0
2020-06-19,3630.6167268579784,3630.6167268579784,0.0,0,0.0
2020-06-22,3630.6167268579784,3630.6167268579784,0.0,0,0.0
2020-06-23,3630.6167268579784,3630.6167268579784,0.0,0,0.0
2020-06-24,3630.6167268579784,3630.6167268579784,0.0,0,0.0
2020-06-25,3630.6167268579784,3630.6167268579784,0.0,0,0.0
2020-06-26,3630.6167268579784,3630.6167268579784,0.0,0,0.0
2020-06-29,3630.6167268579784,3630.6167268579784,0.0,0,0.0
2020-06-30,3630.6167268579784,3630.6167268579784,0.0,0,0.0
2020-07-01,3630.6167268579784,3630.6167268579784,0.0,0,0.0
2020-07-02,3630.6167268579784,3630.6167268579784,0.0,0,0.0
2020-07-06,3630.6167268579784,3630.6167268579784,0.0,0,0.0
2020-07-07,3630.6167268579784,3630.6167268579784,0.0,0,0.0
2020-07-08,3630.6167268579784,3630.6167268579784,0.0,0,0.0
2020-07-09,3630.6167268579784,3630.6167268579784,0.0,0,0.0
2020-07-10,3630.6167268579784,3630.6167268579784,0.0,0,0.0
2020-07-13,3630.6167268579784,3630.6167268579784,0.0,0,0.0
2020-07-14,3630.6167268579784,3630.6167268579784,0.0,0,0.0
2020-07-15,3630.6167268579784,3630.6167268579784,0.0,0,0.0
2020-07-16,3630.6167268579784,3630.6167268579784,0.0,0,0.0
2020-07-17,3630.6167268579784,3630.6167268579784,0.0,0,0.0
2020-07-20,3630.6167268579784,3630.6167268579784,0.0,0,0.0
2020-07-21,3630.6167268579784,3630.6167268579784,0.0,0,0.0
2020-07-22,3630.6167268579784,3630.6167268579784,0.0,0,0.0
2020-07-23,3630.6167268579784,3630.6167268579784,0.0,0,0.0
2020-07-24,3630.6167268579784,3630.6167268579784,0.0,0,0.0
2020-07-27,3630.6167268579784,3630.6167268579784,0.0,0,0.0
2020-07-28,3630.6167268579784,3630.6167268579784,0.0,0,0.0
2020-07-29,3630.6167268579784,3630.6167268579784,0.0,0,0.0
2020-07-30,3630.6167268579784,3630.6167268579784,0.0,0,0.0
2020-07-31,3630.6167268579784,3630.6167268579784,0.0,0,0.0
2020-08-03,3630.6167268579784,3630.6167268579784,0.0,0,0.0
2020-08-04,3630.6167268579784,3630.6167268579784,0.0,0,0.0
2020-08-05,3630.6167268579784,3630.6167268579784,0.0,0,0.0
2020-08-06,3630.6167268579784,3630.6167268579784,0.0,0,0.0
2020-08-07,3630.6167268579784,3630.6167268579784,0.0,0,0.0
2020-08-10,3630.6167268579784,3630.6167268579784,0.0,0,0.0
2020-08-11,3630.6167268579784,3630.6167268579784,0.0,0,0.0
2020-08-12,3630.6167268579784,3630.6167268579784,0.0,0,0.0
2020-08-13,3630.6167268579784,3630.6167268579784,0.0,0,0.0
2020-08-14,3630.6167268579784,3630.6167268579784,0.0,0,0.0
2020-08-17,3630.6167268579784,3630.6167268579784,0.0,0,0.0
2020-08-18,3630.6167268579784,3630.6167268579784,0.0,0,0.0
2020-08-19,3630.6167268579784,3630.6167268579784,0.0,0,0.0
2020-08-20,3630.6167268579784,3630.6167268579784,0.0,0,0.0
2020-08-21,3630.6167268579784,3630.6167268579784,0.0,0,0.0
2020-08-24,3630.6167268579784,3630.6167268579784,0.0,0,0.0
2020-08-25,3630.6167268579784,3630.6167268579784,0.0,0,0.0
2020-08-26,3630.6167268579784,3630.6167268579784,0.0,0,0.0
2020-08-27,3630.6167268579784,3630.6167268579784,0.0,0,0.0
2020-08-28,3630.6167268579784,3630.6167268579784,0.0,0,0.0
2020-08-31,3630.6167268579784,3630.6167268579784,0.0,0,0.0
2020-09-01,3630.6167268579784,3630.6167268579784,0.0,0,0.0
2020-09-02,3630.6167268579784,3630.6167268579784,0.0,0,0.0
2020-09-03,3630.6167268579784,3630.6167268579784,0.0,0,0.0
2020-09-04,3630.6167268579784,3630.6167268579784,0.0,0,0.0
2020-09-08,3630.6167268579784,3630.6167268579784,0.0,0,0.0
2020-09-09,3630.6167268579784,3630.6167268579784,0.0,0,0.0
2020-09-10,3630.6167268579784,3630.6167268579784,0.0,0,0.0
2020-09-11,3630.6167268579784,3630.6167268579784,0.0,0,0.0
2020-09-14,3630.6167268579784,3630.6167268579784,0.0,0,0.0
2020-09-15,3630.6167268579784,3630.6167268579784,0.0,0,0.0
2020-09-16,3630.6167268579784,3630.6167268579784,0.0,0,0.0
2020-09-17,3630.6167268579784,3630.6167268579784,0.0,0,0.0
2020-09-18,3630.6167268579784,3630.6167268579784,0.0,0,0.0
2020-09-21,3630.6167268579784,3630.6167268579784,0.0,0,0.0
2020-09-22,3630.6167268579784,3630.6167268579784,0.0,0,0.0
2020-09-23,3630.6167268579784,3630.6167268579784,0.0,0,0.0
2020-09-24,3630.6167268579784,3630.6167268579784,0.0,0,0.0
2020-09-25,3630.6167268579784,3630.6167268579784,0.0,0,0.0
2020-09-28,3630.6167268579784,3630.6167268579784,0.0,0,0.0
2020-09-29,3630.6167268579784,3630.6167268579784,0.0,0,0.0
2020-09-30,3630.6167268579784,3630.6167268579784,0.0,0,0.0
2020-10-01,3630.6167268579784,3630.6167268579784,0.0,0,0.0
2020-10-02,3630.6167268579784,3630.6167268579784,0.0,0,0.0
2020-10-05,3630.6167268579784,3630.6167268579784,0.0,0,0.0
2020-10-06,3630.6167268579784,3630.6167268579784,0.0,0,0.0
2020-10-07,3630.6167268579784,3630.6167268579784,0.0,0,0.0
2020-10-08,3630.6167268579784,3630.6167268579784,0.0,0,0.0
2020-10-09,3630.6167268579784,3630.6167268579784,0.0,0,0.0
2020-10-12,3630.6167268579784,3630.6167268579784,0.0,0,0.0
2020-10-13,3630.6167268579784,3630.6167268579784,0.0,0,0.0
2020-10-14,3630.6167268579784,3630.6167268579784,0.0,0,0.0
2020-10-15,3630.6167268579784,3630.6167268579784,0.0,0,0.0
2020-10-16,3630.6167268579784,3630.6167268579784,0.0,0,0.0
2020-10-19,3630.6167268579784,3630.6167268579784,0.0,0,0.0
2020-10-20,3630.6167268579784,3630.6167268579784,0.0,0,0.0
2020-10-21,3630.6167268579784,3630.6167268579784,0.0,0,0.0
2020-10-22,3630.6167268579784,3630.6167268579784,0.0,0,0.0
2020-10-23,3630.6167268579784,3630.6167268579784,0.0,0,0.0
2020-10-26,3630.6167268579784,3630.6167268579784,0.0,0,0.0
2020-10-27,3630.6167268579784,3630.6167268579784,0.0,0,0.0
2020-10-28,3630.6167268579784,3630.6167268579784,0.0,0,0.0
2020-10-29,3662.885074627456,12.615100872573294,3650.269973754883,43,0.008887841983090228
2020-10-30,3619.0252189756006,12.615100872573294,3606.4101181030273,43,-0.011974128250888727
2020-11-02,3698.1450615048975,12.615100872573294,3685.529960632324,43,0.021862197067444633
2020-11-03,3783.285205853042,12.615100872573294,3770.6701049804688,43,0.0230223917483372
2020-11-04,3858.9649696469874,12.615100872573294,3846.349868774414,43,0.020003716261428828
2020-11-05,3901.105113995132,12.615100872573294,3888.4900131225586,43,0.01092006397559997
2020-11-06,3943.2452583432764,12.615100872573294,3930.630157470703,43,0.01080210430551265
2020-11-09,3840.905048382339,12.615100872573294,3828.2899475097656,43,-0.025953295637496043
2020-11-10,3781.9952583432764,12.615100872573294,3769.380157470703,43,-0.015337476271087058
2020-11-11,3920.454982769546,12.615100872573294,3907.8398818969727,43,0.036610232157435973
2020-11-12,3874.8750877500147,12.615100872573294,3862.2599868774414,43,-0.01162617482405881
2020-11-13,4021.0751533628077,12.615100872573294,4008.4600524902344,43,0.03773026544132696
2020-11-16,4281.224956524429,12.615100872573294,4268.6098556518555,43,0.06469657821343122
2020-11-17,4128.145061504898,12.615100872573294,4115.529960632324,43,-0.03575609704559979
2020-11-18,4180.605113995132,12.615100872573294,4167.990013122559,43,0.012707899482367058
2020-11-19,4166.845127117691,12.615100872573294,4154.230026245117,43,-0.003291386414702946
2020-11-20,4111.805179607925,12.615100872573294,4099.190078735352,43,-0.0132090216532329
2020-11-23,4232.204982769546,12.615100872573294,4219.589881896973,43,0.029281495086083353
2020-11-24,4168.135074627457,12.615100872573294,4155.519973754883,43,-0.015138659021227907
2020-11-25,4204.685009014664,12.615100872573294,4192.06990814209,43,0.008768893937650013
2020-11-27,4258.435009014664,12.615100872573294,4245.81990814209,43,0.012783359487039458
2020-11-30,4184.474956524429,12.615100872573294,4171.8598556518555,43,-0.017367895091428776
2020-12-01,4349.595127117691,12.615100872573294,4336.980026245117,43,0.039460188508430694
2020-12-02,4292.8351402402495,12.615100872573294,4280.220039367676,43,-0.013049487416327388
2020-12-03,4291.115100872574,12.615100872573294,4278.5,43,-0.0004006767815405432
2020-12-04,4473.005245220718,12.615100872573294,4460.3901443481445,43,0.04238761722125761
2020-12-07,4587.385074627457,12.615100872573294,4574.769973754883,43,0.025571136883630885
2020-12-08,4555.135074627457,12.615100872573294,4542.519973754883,43,-0.007030148870294961
2020-12-09,4502.675022137222,12.615100872573294,4490.059921264648,43,-0.011516684276266953
2020-12-10,4494.505245220718,12.615100872573294,4481.8901443481445,43,-0.0018144273962339419
2020-12-11,4485.905048382339,12.615100872573294,4473.289947509766,43,-0.0019134913342294668
2020-12-14,4465.694995892105,12.615100872573294,4453.079895019531,43,-0.004505234121600976
2020-12-15,4531.484943401871,12.615100872573294,4518.869842529297,43,0.014732297564048702
2020-12-16,4536.214969646988,12.615100872573294,4523.599868774414,43,0.0010438137396890923
2020-12-17,4480.315166485367,12.615100872573294,4467.700065612793,43,-0.012323005751636917
2020-12-18,4496.655048382339,12.615100872573294,4484.039947509766,43,0.00364703849836312
2020-12-21,4520.305179607925,12.615100872573294,4507.690078735352,43,0.005259494217617178
2020-12-22,4474.295192730484,4474.295192730484,0.0,0,-0.01017851340767928
2020-12-23,4474.295192730484,4474.295192730484,0.0,0,0.0
2020-12-24,4474.295192730484,4474.295192730484,0.0,0,0.0
2020-12-28,4474.295192730484,4474.295192730484,0.0,0,0.0
2020-12-29,4474.295192730484,4474.295192730484,0.0,0,0.0
2020-12-30,4474.295192730484,4474.295192730484,0.0,0,0.0
2020-12-31,4474.295192730484,4474.295192730484,0.0,0,0.0
2021-01-04,4474.295192730484,4474.295192730484,0.0,0,0.0
2021-01-05,4474.295192730484,4474.295192730484,0.0,0,0.0
2021-01-06,4474.295192730484,4474.295192730484,0.0,0,0.0
2021-01-07,4474.295192730484,4474.295192730484,0.0,0,0.0
2021-01-08,4474.295192730484,4474.295192730484,0.0,0,0.0
2021-01-11,4474.295192730484,4474.295192730484,0.0,0,0.0
2021-01-12,4474.295192730484,4474.295192730484,0.0,0,0.0
2021-01-13,4474.295192730484,4474.295192730484,0.0,0,0.0
2021-01-14,4474.295192730484,4474.295192730484,0.0,0,0.0
2021-01-15,4474.295192730484,4474.295192730484,0.0,0,0.0
2021-01-19,4474.295192730484,4474.295192730484,0.0,0,0.0
2021-01-20,4474.295192730484,4474.295192730484,0.0,0,0.0
2021-01-21,4474.295192730484,4474.295192730484,0.0,0,0.0
2021-01-22,4474.295192730484,4474.295192730484,0.0,0,0.0
2021-01-25,4474.295192730484,4474.295192730484,0.0,0,0.0
2021-01-26,4474.295192730484,4474.295192730484,0.0,0,0.0
2021-01-27,4474.295192730484,4474.295192730484,0.0,0,0.0
2021-01-28,4474.295192730484,4474.295192730484,0.0,0,0.0
2021-01-29,4474.295192730484,4474.295192730484,0.0,0,0.0
2021-02-01,4474.295192730484,4474.295192730484,0.0,0,0.0
2021-02-02,4474.295192730484,4474.295192730484,0.0,0,0.0
2021-02-03,4474.295192730484,4474.295192730484,0.0,0,0.0
2021-02-04,4474.295192730484,4474.295192730484,0.0,0,0.0
2021-02-05,4474.295192730484,4474.295192730484,0.0,0,0.0
2021-02-08,4474.295192730484,4474.295192730484,0.0,0,0.0
2021-02-09,4474.295192730484,4474.295192730484,0.0,0,0.0
2021-02-10,4474.295192730484,4474.295192730484,0.0,0,0.0
2021-02-11,4474.295192730484,4474.295192730484,0.0,0,0.0
2021-02-12,4474.295192730484,4474.295192730484,0.0,0,0.0
2021-02-16,4474.295192730484,4474.295192730484,0.0,0,0.0
2021-02-17,4474.295192730484,4474.295192730484,0.0,0,0.0
2021-02-18,4474.295192730484,4474.295192730484,0.0,0,0.0
2021-02-19,4474.295192730484,4474.295192730484,0.0,0,0.0
2021-02-22,4474.295192730484,4474.295192730484,0.0,0,0.0
2021-02-23,4474.295192730484,4474.295192730484,0.0,0,0.0
2021-02-24,4474.295192730484,4474.295192730484,0.0,0,0.0
2021-02-25,4474.295192730484,4474.295192730484,0.0,0,0.0
2021-02-26,4474.295192730484,4474.295192730484,0.0,0,0.0
2021-03-01,4474.295192730484,4474.295192730484,0.0,0,0.0
2021-03-02,4474.295192730484,4474.295192730484,0.0,0,0.0
2021-03-03,4474.295192730484,4474.295192730484,0.0,0,0.0
2021-03-04,4474.295192730484,4474.295192730484,0.0,0,0.0
2021-03-05,4655.70064463308,65.30052866628284,4590.400115966797,38,0.04054391677092073
2021-03-08,4394.6405402629625,65.30052866628284,4329.34001159668,38,-0.056073215246572494
2021-03-09,4487.740424296166,65.30052866628284,4422.439895629883,38,0.021184868973977977
2021-03-10,4390.840598246361,65.30052866628284,4325.540069580078,38,-0.021592119170975033
2021-03-11,4647.340598246361,65.30052866628284,4582.040069580078,38,0.058417060301037216
2021-03-12,4560.70064463308,65.30052866628284,4495.400115966797,38,-0.0186429102368727
2021-03-15,4590.340598246361,65.30052866628284,4525.040069580078,38,0.0064989912565651675
2021-03-16,4600.600470682884,65.30052866628284,4535.299942016602,38,0.002235100471726037
2021-03-17,4578.180609843041,65.30052866628284,4512.880081176758,38,-0.004873246651760588
2021-03-18,4416.300528666283,65.30052866628284,4351.0,38,-0.035359042155024945
2021-03-19,4383.240424296166,65.30052866628284,4317.939895629883,38,-0.007485927226990929
2021-03-22,4518.1405402629625,65.30052866628284,4452.84001159668,38,0.03077634419025932
2021-03-23,4431.1205054729235,65.30052866628284,4365.819976806641,38,-0.019260143418419307
2021-03-24,4205.780493876244,65.30052866628284,4140.479965209961,38,-0.050853956988612725
2021-03-25,4262.400412699486,65.30052866628284,4197.099884033203,38,0.013462404637066161
2021-03-26,4494.580435892845,65.30052866628284,4429.2799072265625,38,0.054471659326420285
2021-03-29,4412.1205054729235,65.30052866628284,4346.819976806641,38,-0.018346524574666123
2021-03-30,4437.960517069603,65.30052866628284,4372.65998840332,38,0.005856596972958261
2021-03-31,4559.940482279564,65.30052866628284,4494.639953613281,38,0.027485590451017394
